<metadata><idinfo><citation><citeinfo><origin>U.S. Department of Commerce, U.S. Census Bureau, Geography Division</origin><pubdate>2010</pubdate><title>TIGER/Line Shapefile, 2010, 2010 state, New Hampshire, 2010 Census  Block State-based</title><edition>2010</edition><geoform>vector digital data</geoform><onlink>http://www.census.gov/geo/www/tiger</onlink></citeinfo></citation><descript><abstract>The TIGER/Line Files are shapefiles and related database files (.dbf) that are an extract of selected geographic and cartographic information from the U.S. Census Bureau's Master Address File / Topologically Integrated Geographic Encoding and Referencing (MAF/TIGER) Database (MTDB). The MTDB represents a seamless national file with no overlaps or gaps between parts, however, each TIGER/Line File is designed to stand alone as an independent data set, or they can be combined to cover the entire nation. Census Blocks are statistical areas bounded on all sides by visible features, such as streets, roads, streams, and railroad tracks, and/or by nonvisible boundaries such as city, town, township, and county limits, and short line-of-sight extensions of streets and roads. Census blocks are relatively small in area; for example, a block in a city bounded by streets. However, census blocks in remote areas are often large and irregular and may even be many square miles in area. A common misunderstanding is that data users think census blocks are used geographically to build all other census geographic areas, rather all other census geographic areas are updated and then used as the primary constraints, along with roads and water features, to delineate the tabulation blocks. As a result, all 2010 Census blocks nest within every other 2010 Census geographic area, so that Census Bureau statistical data can be tabulated at the block level and aggregated up to the appropriate geographic areas. Census blocks cover all territory in the United States, Puerto Rico, and the Island Areas (American Samoa, Guam, the Commonwealth of the Northern Mariana Islands, and the U.S. Virgin Islands). Blocks are the smallest geographic areas for which the Census Bureau publishes data from the decennial census. A block may consist of one or more faces.</abstract><purpose>In order for others to use the information in the Census MAF/TIGER database in a geographic information system (GIS) or for other geographic applications, the Census Bureau releases to the public extracts of the database in the form of TIGER/Line Shapefiles.</purpose><Subject_Entity>New Hampshire(33)</Subject_Entity></descript><timeperd><timeinfo><rngdates><begdate>201001</begdate><enddate>201007</enddate></rngdates></timeinfo><current>Publication Date</current></timeperd><status><progress>Complete</progress><update>TIGER/Line Shapefiles are extracted from the Census MAF/TIGER database.  No changes or updates will be made to this version of the TIGER/Line Shapefiles.  Future releases of TIGER/Line Shapefiles will reflect updates made to the Census MAF/TIGER database.</update></status><spdom><bounding><westbc>-72.557185</westbc><eastbc>-70.575094</eastbc><northbc>45.305476</northbc><southbc>42.696985</southbc></bounding></spdom><keywords><theme><themekt>ISO 19115 Topic Categories</themekt><themekey>boundaries</themekey></theme><theme><themekt>None</themekt><themekey>State or equivalent entity</themekey><themekey>Polygon</themekey><themekey>Block</themekey><themekey>Census Block</themekey></theme><place><placekt>INCITS.38-200x (R2004),INCITS.31-200x (R2007),INCITS.454-200x,INCITS 455-200x,INCITS 446-2008</placekt><placekey>United States</placekey><placekey>U.S.</placekey><placekey>State or Equivalent Entity</placekey><placekey>New Hampshire</placekey><placekey>NH</placekey><placekey>33</placekey></place></keywords><accconst>None</accconst><useconst>The TIGER/Line Shapefile products are not copyrighted however TIGER/Line and Census TIGER are registered trademarks of the U.S. Census Bureau.  These products are free to use in a product or publication, however acknowledgement must be given to the U.S. Census Bureau as the source.
The boundary information in the TIGER/Line Shapefiles are for statistical data collection and tabulation purposes only; their depiction and designation for statistical purposes does not constitute a determination of jurisdictional authority or rights of ownership or entitlement and they are not legal land descriptions.Coordinates in the TIGER/Line shapefiles have six implied decimal places, but the positional accuracy of these coordinates is not as great as the six decimal places suggest.</useconst><Title_13_Restrictions>Yes, the data are free from Title 13 restrictions</Title_13_Restrictions><ptcontac><cntinfo><cntorgp><cntorg>U.S. Department of Commerce, U.S. Census Bureau, Geography Division, Geographic Products Branch</cntorg></cntorgp><cntaddr><addrtype>Mailing address</addrtype><address>4600 Silver Hill Road, Stop 7400</address><city>Washington</city><state>DC</state><postal>20233-7400</postal><country>United States</country></cntaddr><cntvoice>301-763-1128</cntvoice><cntfax>301-763-4710</cntfax><cntemail>geo.tiger@census.gov</cntemail></cntinfo></ptcontac></idinfo><Data_Set_Character_Set>8859part1</Data_Set_Character_Set><Data_Set_Language>eng</Data_Set_Language><dataqual><attracc><attraccr>Accurate against Federal Information Processing Standards (FIPS), FIPS Publication 6-4, and FIPS-55 at the 100% level for the codes and base names.  The remaining attribute information has been examined but has not been fully tested for accuracy.</attraccr></attracc><logic>The Census Bureau performed automated tests to ensure logical consistency and limits of shapefiles.  Segments making up the outer and inner boundaries of a polygon tie end-to-end to completely enclose the area.  All polygons are tested for closure.
The Census Bureau uses its internally developed geographic update system to enhance and modify spatial and attribute data in the Census MAF/TIGER database.  Standard geographic codes, such as FIPS codes for states, counties, municipalities, county subdivisions, places, American Indian/Alaska Native/Native Hawaiian areas, and congressional districts are used when encoding spatial entities.  The Census Bureau performed spatial data tests for logical consistency of the codes during the compilation of the original Census MAF/TIGER database files.  Most of the codes for geographic entities except states, counties, urban areas, Core Based Statistical Areas (CBSAs), American Indian Areas (AIAs), and congressional districts were provided to the Census Bureau by the USGS, the agency responsible for maintaining FIPS 55.  Feature attribute information has been examined but has not been fully tested for consistency.
For the TIGER/Line Shapefiles, the Point and Vector Object Count for the G-polygon SDTS Point and Vector Object Type reflects the number of records in the shapefile attribute table.  For multi-polygon features, only one attribute record exists for each multi-polygon rather than one attribute record per individual G-polygon component of the multi-polygon feature.  TIGER/Line Shapefile multi-polygons are an exception to the G-polygon object type classification.  Therefore, when multi-polygons exist in a shapefile, the object count will be less than the actual number of G-polygons.</logic><complete>Data completeness of the TIGER/Line Shapefiles reflects the contents of the Census MAF/TIGER database at the time the TIGER/Line Shapefiles were created.</complete><lineage><srcinfo><srccite><citeinfo><origin>U.S. Department of Commerce, U.S. Census Bureau, Geography Division</origin><pubdate>Unpublished material</pubdate><title>Census MAF/TIGER database</title></citeinfo></srccite><typesrc>online</typesrc><srctime><timeinfo><rngdates><begdate>201001</begdate><enddate>201007</enddate></rngdates></timeinfo><srccurr>Publication Date</srccurr></srctime><srccitea>MAF/TIGER</srccitea><srccontr>The selected geographic and cartographic information (line segments) are derived from the U.S. Census Bureau's Master Address File Topologically Integrated Geographic Encoding and Referencing (MAF/TIGER) database.</srccontr></srcinfo><procstep><procdesc>TIGER/Line Shapefiles are extracted from the Census MAF/TIGER database by nation, state, county, and entity.  Census MAF/TIGER data for all of the aforementioned geographic entities are then distributed among the shapefiles each containing attributes for line, polygon, or landmark geographic data. </procdesc><srcused>Census MAF/TIGER</srcused><procdate>2010</procdate></procstep></lineage></dataqual><spdoinfo><indspref>Federal Information Processing Standards (FIPS), ANSI, and feature names.</indspref><direct>Vector</direct><ptvctinf><esriterm Name="tl_2010_33_tabblock10"><efeatyp Sync="TRUE">Simple</efeatyp><efeageom Sync="TRUE">4</efeageom><esritopo Sync="TRUE">FALSE</esritopo><efeacnt Sync="TRUE">48837</efeacnt><spindex Sync="TRUE">FALSE</spindex><linrefer Sync="TRUE">FALSE</linrefer></esriterm></ptvctinf></spdoinfo><spref><horizsys><geograph><latres>0.000458</latres><longres>0.000458</longres><geogunit>Decimal degrees</geogunit></geograph><geodetic><horizdn>North American Datum of 1983 in the 48 contiguous states, the District of Columbia, Alaska, Hawaii, Puerto Rico, the Virgin Islands of the United States, and the Pacific Island Areas.</horizdn><ellips>Geodetic Reference System 80</ellips><semiaxis>6378137</semiaxis><denflat>298257</denflat></geodetic></horizsys></spref><eainfo><detailed xmlns="" Name="tl_2010_33_tabblock10"><enttyp><enttypl>TABBLOCK10.shp</enttypl><enttypd>2010 Census Block State-based</enttypd><enttypds>U.S. Census Bureau</enttypds><enttypt Sync="TRUE">Feature Class</enttypt><enttypc Sync="TRUE">48837</enttypc></enttyp><attr xmlns=""><attrlabl Sync="TRUE">FID</attrlabl><attalias Sync="TRUE">FID</attalias><attrtype Sync="TRUE">OID</attrtype><attwidth Sync="TRUE">4</attwidth><atprecis Sync="TRUE">0</atprecis><attscale Sync="TRUE">0</attscale><attrdef Sync="TRUE">Internal feature number.</attrdef><attrdefs Sync="TRUE">ESRI</attrdefs><attrdomv><udom Sync="TRUE">Sequential unique whole numbers that are automatically generated.</udom></attrdomv></attr><attr xmlns=""><attrlabl Sync="TRUE">Shape</attrlabl><attalias Sync="TRUE">Shape</attalias><attrtype Sync="TRUE">Geometry</attrtype><attwidth Sync="TRUE">0</attwidth><atprecis Sync="TRUE">0</atprecis><attscale Sync="TRUE">0</attscale><attrdef Sync="TRUE">Feature geometry.</attrdef><attrdefs Sync="TRUE">ESRI</attrdefs><attrdomv><udom Sync="TRUE">Coordinates defining the features.</udom></attrdomv></attr><attr xmlns=""><attrlabl>STATEFP10</attrlabl><attrdef>2010 Census state Federal Information Processing Standards
                 (FIPS) codes</attrdef><attrdefs>U.S. Census Bureau</attrdefs><attrdomv><codesetd><codesetn>INCITS.38-200x (R2004), Codes for the Identification of
                      the States, the District of Columbia, Puerto Rico, and the
                      Insular Areas of the United States (Formerly FIPS 5-2)</codesetn><codesets>U.S. Census Bureau</codesets></codesetd></attrdomv><attalias Sync="TRUE">STATEFP10</attalias><attrtype Sync="TRUE">String</attrtype><attwidth Sync="TRUE">2</attwidth><atprecis Sync="TRUE">0</atprecis><attscale Sync="TRUE">0</attscale></attr><attr xmlns=""><attrlabl>COUNTYFP10</attrlabl><attrdef>2010 Census county Federal Information Processing Standards
                 (FIPS) code</attrdef><attrdefs>U.S. Census Bureau</attrdefs><attrdomv><codesetd xmlns=""><codesetn>INCITS.31-200x (R2007), Codes for the Identification of
                      the Counties and Equivalent Areas of the United States,
                      Puerto Rico, and the Insular Areas of the United States
                      (Formerly FIPS 6-4)</codesetn><codesets>U.S. Census Bureau</codesets></codesetd></attrdomv><attalias Sync="TRUE">COUNTYFP10</attalias><attrtype Sync="TRUE">String</attrtype><attwidth Sync="TRUE">3</attwidth><atprecis Sync="TRUE">0</atprecis><attscale Sync="TRUE">0</attscale></attr><attr xmlns=""><attrlabl>TRACTCE10</attrlabl><attrdef>2010 Census census tract code</attrdef><attrdefs>U.S. Census Bureau</attrdefs><attrdomv><edom><edomv>000000</edomv><edomvd>Water tract in some coastal and Great Lakes water and
                    territorial sea</edomvd><edomvds>U.S. Census</edomvds></edom><edom><edomv>000100 to 998999</edomv><edomvd>Census tract number</edomvd><edomvds>U.S. Census Bureau</edomvds></edom></attrdomv><attalias Sync="TRUE">TRACTCE10</attalias><attrtype Sync="TRUE">String</attrtype><attwidth Sync="TRUE">6</attwidth><atprecis Sync="TRUE">0</atprecis><attscale Sync="TRUE">0</attscale></attr><attr xmlns=""><attrlabl>BLOCKCE10</attrlabl><attrdef>2010 Census tabulation block number</attrdef><attrdefs>U.S. Census Bureau</attrdefs><attrdomv><edom><edomv>0001 to 9999</edomv><edomvd>tabulation block number</edomvd><edomvds>U.S. Census Bureau</edomvds></edom></attrdomv><attalias Sync="TRUE">BLOCKCE10</attalias><attrtype Sync="TRUE">String</attrtype><attwidth Sync="TRUE">4</attwidth><atprecis Sync="TRUE">0</atprecis><attscale Sync="TRUE">0</attscale></attr><attr xmlns=""><attrlabl>GEOID10</attrlabl><attrdef>Block identifier; a concatenation of 2010 Census state Federal
                 Information Processing Standards (FIPS) code, county FIPS code,
                 census tract code, and tabulation block number</attrdef><attrdefs>U.S. Census Bureau</attrdefs><attrdomv><codesetd><codesetn>INCITS.38-200x (R2004), Codes for the Identification of
                      the States, the District of Columbia, Puerto Rico, and the
                      Insular Areas of the United States (Formerly FIPS 5-2),
                      INCITS.31-200x (R2007), Codes for the Identification of
                      the Counties and Equivalent Areas of the United States,
                      Puerto Rico, and the Insular Areas of the United States
                      (Formerly FIPS 6-4), the census tract code that appears in
                      TRACTCE10 and the tabulation block number that appears in
                      BLOCKCE10</codesetn><codesets>U.S. Census Bureau</codesets></codesetd></attrdomv><attalias Sync="TRUE">GEOID10</attalias><attrtype Sync="TRUE">String</attrtype><attwidth Sync="TRUE">15</attwidth><atprecis Sync="TRUE">0</atprecis><attscale Sync="TRUE">0</attscale></attr><attr xmlns=""><attrlabl>NAME10</attrlabl><attrdef>2010 Census tabulation block name; a concatenation of "Block",
                 and the current tabulation block number</attrdef><attrdefs>U.S. Census Bureau</attrdefs><attrdomv><udom>Refer to the tabulation block number that appears in BLOCKCE10</udom></attrdomv><attalias Sync="TRUE">NAME10</attalias><attrtype Sync="TRUE">String</attrtype><attwidth Sync="TRUE">10</attwidth><atprecis Sync="TRUE">0</atprecis><attscale Sync="TRUE">0</attscale></attr><attr xmlns=""><attrlabl>MTFCC10</attrlabl><attrdef>MAF/TIGER feature class code</attrdef><attrdefs>U.S. Census Bureau</attrdefs><attrdomv><edom><edomv>G5040</edomv><edomvd>Tabulation Block</edomvd><edomvds>U.S. Census Bureau</edomvds></edom></attrdomv><attalias Sync="TRUE">MTFCC10</attalias><attrtype Sync="TRUE">String</attrtype><attwidth Sync="TRUE">5</attwidth><atprecis Sync="TRUE">0</atprecis><attscale Sync="TRUE">0</attscale></attr><attr xmlns=""><attrlabl>UR10</attrlabl><attrdef>2010 Census urban/rural indicator</attrdef><attrdefs>U.S. Census Bureau</attrdefs><attrdomv><edom><edomv>M</edomv><edomvd>Mixed - part of the land area is classified as urban and
                    part is classified as rural</edomvd><edomvds>U.S. Census Bureau</edomvds></edom><edom><edomv>N</edomv><edomvd>Not Applicable (water-only and international areas)</edomvd><edomvds>U.S. Census Bureau</edomvds></edom><edom><edomv>R</edomv><edomvd>Area is classified as rural</edomvd><edomvds>U.S. Census Bureau</edomvds></edom><edom><edomv>U</edomv><edomvd>Area is classified as urban</edomvd><edomvds>U.S. Census Bureau</edomvds></edom></attrdomv><attalias Sync="TRUE">UR10</attalias><attrtype Sync="TRUE">String</attrtype><attwidth Sync="TRUE">1</attwidth><atprecis Sync="TRUE">0</atprecis><attscale Sync="TRUE">0</attscale></attr><attr xmlns=""><attrlabl>UACE10</attrlabl><attrdef>2010 Census urban area code</attrdef><attrdefs>U.S. Census Bureau</attrdefs><attrdomv><edom><edomv>00001 to 98999</edomv><edomvd>Urban Area Code</edomvd><edomvds>U.S. Census Bureau</edomvds></edom></attrdomv><attalias Sync="TRUE">UACE10</attalias><attrtype Sync="TRUE">String</attrtype><attwidth Sync="TRUE">5</attwidth><atprecis Sync="TRUE">0</atprecis><attscale Sync="TRUE">0</attscale></attr><attr xmlns=""><attrlabl>FUNCSTAT10</attrlabl><attrdef>2010 Census functional status</attrdef><attrdefs>U.S. Census Bureau</attrdefs><attrdomv><edom><edomv>S</edomv><edomvd>Statistical entity</edomvd><edomvds>U.S. Census Bureau</edomvds></edom></attrdomv><attalias Sync="TRUE">FUNCSTAT10</attalias><attrtype Sync="TRUE">String</attrtype><attwidth Sync="TRUE">1</attwidth><atprecis Sync="TRUE">0</atprecis><attscale Sync="TRUE">0</attscale></attr><attr xmlns=""><attrlabl>ALAND10</attrlabl><attrdef>2010 Census land area (square meters)</attrdef><attrdefs>U.S. Census Bureau</attrdefs><attrdomv><edom><edomv>0 to 9,999,999,999,999</edomv><edomvd>Blank</edomvd><edomvds>U.S. Census Bureau</edomvds></edom></attrdomv><attalias Sync="TRUE">ALAND10</attalias><attrtype Sync="TRUE">Double</attrtype><attwidth Sync="TRUE">14</attwidth><atprecis Sync="TRUE">14</atprecis><attscale Sync="TRUE">0</attscale></attr><attr xmlns=""><attrlabl>AWATER10</attrlabl><attrdef>2010 Census water area (square meters)</attrdef><attrdefs>U.S. Census Bureau</attrdefs><attrdomv><edom><edomv>0 to 9,999,999,999,999</edomv><edomvd>Blank</edomvd><edomvds>U.S. Census Bureau</edomvds></edom></attrdomv><attalias Sync="TRUE">AWATER10</attalias><attrtype Sync="TRUE">Double</attrtype><attwidth Sync="TRUE">14</attwidth><atprecis Sync="TRUE">14</atprecis><attscale Sync="TRUE">0</attscale></attr><attr xmlns=""><attrlabl>INTPTLAT10</attrlabl><attrdef>2010 Census latitude of the internal point</attrdef><attrdefs>U.S. Census Bureau</attrdefs><attrdomv><edom><edomv>00</edomv><edomvd>Blank</edomvd><edomvds>U.S. Census Bureau</edomvds></edom></attrdomv><attalias Sync="TRUE">INTPTLAT10</attalias><attrtype Sync="TRUE">String</attrtype><attwidth Sync="TRUE">11</attwidth><atprecis Sync="TRUE">0</atprecis><attscale Sync="TRUE">0</attscale></attr><attr xmlns=""><attrlabl>INTPTLON10</attrlabl><attrdef>2010 Census longitude of the internal point</attrdef><attrdefs>U.S. Census Bureau</attrdefs><attrdomv><edom><edomv>00</edomv><edomvd>Blank</edomvd><edomvds>U.S. Census Bureau</edomvds></edom></attrdomv><attalias Sync="TRUE">INTPTLON10</attalias><attrtype Sync="TRUE">String</attrtype><attwidth Sync="TRUE">12</attwidth><atprecis Sync="TRUE">0</atprecis><attscale Sync="TRUE">0</attscale></attr><attr xmlns=""><attrlabl>SUMLEV</attrlabl><attrdef>Geographic Unit Summary Level</attrdef><attrtype>T</attrtype><attwidth>3</attwidth><attrdomv><edom><edomv>750</edomv><edomvd>Census block</edomvd></edom></attrdomv><attalias Sync="TRUE">SUMLEV</attalias><atprecis Sync="TRUE">0</atprecis><attscale Sync="TRUE">0</attscale></attr><attr xmlns=""><attrlabl>LOGRECNO</attrlabl><attrdef>Logical Record Number</attrdef><attrtype>N</attrtype><attwidth>5</attwidth><attrdomv><rdom><rdommin>1</rdommin><rdommax>99999</rdommax></rdom></attrdomv><attalias Sync="TRUE">LOGRECNO</attalias><atprecis Sync="TRUE">9</atprecis><attscale Sync="TRUE">0</attscale></attr><attr xmlns=""><attrlabl>COUSUB</attrlabl><attrdef>County Subdivision code (Minor Civil Division)</attrdef><attrtype>N</attrtype><attwidth>5</attwidth><attrdomv><edom xmlns=""><edomv>10100</edomv><edomvd>Town of Carroll</edomvd></edom></attrdomv><attrdomv><edom xmlns=""><edomv>1060</edomv><edomvd>Town of Alton</edomvd></edom></attrdomv><attrdomv><edom xmlns=""><edomv>10660</edomv><edomvd>Town of Center Harbor</edomvd></edom></attrdomv><attrdomv><edom xmlns=""><edomv>11380</edomv><edomvd>Town of Charlestown</edomvd></edom></attrdomv><attrdomv><edom xmlns=""><edomv>11780</edomv><edomvd>Town of Chatham</edomvd></edom></attrdomv><attrdomv><edom xmlns=""><edomv>12100</edomv><edomvd>Town of Chester</edomvd></edom></attrdomv><attrdomv><edom xmlns=""><edomv>12260</edomv><edomvd>Town of Chesterfield</edomvd></edom></attrdomv><attrdomv><edom xmlns=""><edomv>12420</edomv><edomvd>Town of Chichester</edomvd></edom></attrdomv><attrdomv><edom xmlns=""><edomv>12900</edomv><edomvd>City of Claremont</edomvd></edom></attrdomv><attrdomv><edom xmlns=""><edomv>1300</edomv><edomvd>Town of Amherst</edomvd></edom></attrdomv><attrdomv><edom xmlns=""><edomv>13220</edomv><edomvd>Town of Clarksville</edomvd></edom></attrdomv><attrdomv><edom xmlns=""><edomv>13780</edomv><edomvd>Town of Colebrook</edomvd></edom></attrdomv><attrdomv><edom xmlns=""><edomv>13940</edomv><edomvd>Town of Columbia</edomvd></edom></attrdomv><attrdomv><edom xmlns=""><edomv>14200</edomv><edomvd>City of Concord</edomvd></edom></attrdomv><attrdomv><edom xmlns=""><edomv>1460</edomv><edomvd>Town of Andover</edomvd></edom></attrdomv><attrdomv><edom xmlns=""><edomv>14660</edomv><edomvd>Town of Conway</edomvd></edom></attrdomv><attrdomv><edom xmlns=""><edomv>15060</edomv><edomvd>Town of Cornish</edomvd></edom></attrdomv><attrdomv><edom xmlns=""><edomv>16100</edomv><edomvd>Crawford's Purchase</edomvd></edom></attrdomv><attrdomv><edom xmlns=""><edomv>16340</edomv><edomvd>Town of Croydon</edomvd></edom></attrdomv><attrdomv><edom xmlns=""><edomv>16660</edomv><edomvd>Cutt's Grant</edomvd></edom></attrdomv><attrdomv><edom xmlns=""><edomv>11220</edomv><edomvd>Chandler's Purchase</edomvd></edom></attrdomv><attrdomv><edom xmlns=""><edomv>16820</edomv><edomvd>Town of Dalton</edomvd></edom></attrdomv><attrdomv><edom xmlns=""><edomv>16980</edomv><edomvd>Town of Danbury</edomvd></edom></attrdomv><attrdomv><edom xmlns=""><edomv>1700</edomv><edomvd>Town of Antrim</edomvd></edom></attrdomv><attrdomv><edom xmlns=""><edomv>17140</edomv><edomvd>Town of Danville</edomvd></edom></attrdomv><attrdomv><edom xmlns=""><edomv>17460</edomv><edomvd>Town of Deerfield</edomvd></edom></attrdomv><attrdomv><edom xmlns=""><edomv>17780</edomv><edomvd>Town of Deering</edomvd></edom></attrdomv><attrdomv><edom xmlns=""><edomv>17940</edomv><edomvd>Town of Derry</edomvd></edom></attrdomv><attrdomv><edom xmlns=""><edomv>18340</edomv><edomvd>Dix's Grant</edomvd></edom></attrdomv><attrdomv><edom xmlns=""><edomv>18420</edomv><edomvd>Township of Dixville</edomvd></edom></attrdomv><attrdomv><edom xmlns=""><edomv>18740</edomv><edomvd>Town of Dorchester</edomvd></edom></attrdomv><attrdomv><edom xmlns=""><edomv>18820</edomv><edomvd>City of Dover</edomvd></edom></attrdomv><attrdomv><edom xmlns=""><edomv>19140</edomv><edomvd>Town of Dublin</edomvd></edom></attrdomv><attrdomv><edom xmlns=""><edomv>19300</edomv><edomvd>Town of Dummer</edomvd></edom></attrdomv><attrdomv><edom xmlns=""><edomv>19460</edomv><edomvd>Town of Dunbarton</edomvd></edom></attrdomv><attrdomv><edom xmlns=""><edomv>19700</edomv><edomvd>Town of Durham</edomvd></edom></attrdomv><attrdomv><edom xmlns=""><edomv>2020</edomv><edomvd>Town of Ashland</edomvd></edom></attrdomv><attrdomv><edom xmlns=""><edomv>21380</edomv><edomvd>Town of East Kingston</edomvd></edom></attrdomv><attrdomv><edom xmlns=""><edomv>22020</edomv><edomvd>Town of Easton</edomvd></edom></attrdomv><attrdomv><edom xmlns=""><edomv>23380</edomv><edomvd>Town of Eaton</edomvd></edom></attrdomv><attrdomv><edom xmlns=""><edomv>2340</edomv><edomvd>Town of Atkinson</edomvd></edom></attrdomv><attrdomv><edom xmlns=""><edomv>23620</edomv><edomvd>Town of Effingham</edomvd></edom></attrdomv><attrdomv><edom xmlns=""><edomv>23860</edomv><edomvd>Town of Ellsworth</edomvd></edom></attrdomv><attrdomv><edom xmlns=""><edomv>2420</edomv><edomvd>Atkinson &amp; Gilmanton Academy Grant</edomvd></edom></attrdomv><attrdomv><edom xmlns=""><edomv>24340</edomv><edomvd>Town of Enfield</edomvd></edom></attrdomv><attrdomv><edom xmlns=""><edomv>24660</edomv><edomvd>Town of Epping</edomvd></edom></attrdomv><attrdomv><edom xmlns=""><edomv>24900</edomv><edomvd>Town of Epsom</edomvd></edom></attrdomv><attrdomv><edom xmlns=""><edomv>25140</edomv><edomvd>Town of Errol</edomvd></edom></attrdomv><attrdomv><edom xmlns=""><edomv>25180</edomv><edomvd>Erving's Location</edomvd></edom></attrdomv><attrdomv><edom xmlns=""><edomv>25380</edomv><edomvd>Town of Exeter</edomvd></edom></attrdomv><attrdomv><edom xmlns=""><edomv>260</edomv><edomvd>Town of Acworth</edomvd></edom></attrdomv><attrdomv><edom xmlns=""><edomv>26020</edomv><edomvd>Town of Farmington</edomvd></edom></attrdomv><attrdomv><edom xmlns=""><edomv>26500</edomv><edomvd>Town of Fitzwilliam</edomvd></edom></attrdomv><attrdomv><edom xmlns=""><edomv>27140</edomv><edomvd>Town of Francestown</edomvd></edom></attrdomv><attrdomv><edom xmlns=""><edomv>27300</edomv><edomvd>Town of Franconia</edomvd></edom></attrdomv><attrdomv><edom xmlns=""><edomv>27380</edomv><edomvd>City of Franklin</edomvd></edom></attrdomv><attrdomv><edom xmlns=""><edomv>27700</edomv><edomvd>Town of Freedom</edomvd></edom></attrdomv><attrdomv><edom xmlns=""><edomv>27940</edomv><edomvd>Town of Fremont</edomvd></edom></attrdomv><attrdomv><edom xmlns=""><edomv>2820</edomv><edomvd>Town of Auburn</edomvd></edom></attrdomv><attrdomv><edom xmlns=""><edomv>28740</edomv><edomvd>Town of Gilford</edomvd></edom></attrdomv><attrdomv><edom xmlns=""><edomv>28980</edomv><edomvd>Town of Gilmanton</edomvd></edom></attrdomv><attrdomv><edom xmlns=""><edomv>29220</edomv><edomvd>Town of Gilsum</edomvd></edom></attrdomv><attrdomv><edom xmlns=""><edomv>29860</edomv><edomvd>Town of Goffstown</edomvd></edom></attrdomv><attrdomv><edom xmlns=""><edomv>30260</edomv><edomvd>Town of Gorham</edomvd></edom></attrdomv><attrdomv><edom xmlns=""><edomv>30500</edomv><edomvd>Town of Goshen</edomvd></edom></attrdomv><attrdomv><edom xmlns=""><edomv>30820</edomv><edomvd>Town of Grafton</edomvd></edom></attrdomv><attrdomv><edom xmlns=""><edomv>31220</edomv><edomvd>Town of Grantham</edomvd></edom></attrdomv><attrdomv><edom xmlns=""><edomv>31540</edomv><edomvd>Town of Greenfield</edomvd></edom></attrdomv><attrdomv><edom xmlns=""><edomv>31700</edomv><edomvd>Town of Greenland</edomvd></edom></attrdomv><attrdomv><edom xmlns=""><edomv>31780</edomv><edomvd>Green's Grant</edomvd></edom></attrdomv><attrdomv><edom xmlns=""><edomv>31940</edomv><edomvd>Town of Greenville</edomvd></edom></attrdomv><attrdomv><edom xmlns=""><edomv>32180</edomv><edomvd>Town of Groton</edomvd></edom></attrdomv><attrdomv><edom xmlns=""><edomv>3220</edomv><edomvd>Town of Barnstead</edomvd></edom></attrdomv><attrdomv><edom xmlns=""><edomv>32420</edomv><edomvd>Hadley's Purchase</edomvd></edom></attrdomv><attrdomv><edom xmlns=""><edomv>32500</edomv><edomvd>Hale's Location</edomvd></edom></attrdomv><attrdomv><edom xmlns=""><edomv>32900</edomv><edomvd>Town of Hampstead</edomvd></edom></attrdomv><attrdomv><edom xmlns=""><edomv>33060</edomv><edomvd>Town of Hampton</edomvd></edom></attrdomv><attrdomv><edom xmlns=""><edomv>33460</edomv><edomvd>Town of Hampton Falls</edomvd></edom></attrdomv><attrdomv><edom xmlns=""><edomv>33700</edomv><edomvd>Town of Hancock</edomvd></edom></attrdomv><attrdomv><edom xmlns=""><edomv>33860</edomv><edomvd>Town of Hanover</edomvd></edom></attrdomv><attrdomv><edom xmlns=""><edomv>34420</edomv><edomvd>Town of Harrisville</edomvd></edom></attrdomv><attrdomv><edom xmlns=""><edomv>34500</edomv><edomvd>Town of Hart's Location</edomvd></edom></attrdomv><attrdomv><edom xmlns=""><edomv>3460</edomv><edomvd>Town of Barrington</edomvd></edom></attrdomv><attrdomv><edom xmlns=""><edomv>34820</edomv><edomvd>Town of Haverhill</edomvd></edom></attrdomv><attrdomv><edom xmlns=""><edomv>35220</edomv><edomvd>Town of Hebron</edomvd></edom></attrdomv><attrdomv><edom xmlns=""><edomv>35540</edomv><edomvd>Town of Henniker</edomvd></edom></attrdomv><attrdomv><edom xmlns=""><edomv>35860</edomv><edomvd>Town of Hill</edomvd></edom></attrdomv><attrdomv><edom xmlns=""><edomv>36180</edomv><edomvd>Town of Hillsborough</edomvd></edom></attrdomv><attrdomv><edom xmlns=""><edomv>36660</edomv><edomvd>Town of Hinsdale</edomvd></edom></attrdomv><attrdomv><edom xmlns=""><edomv>36900</edomv><edomvd>Town of Holderness</edomvd></edom></attrdomv><attrdomv><edom xmlns=""><edomv>3700</edomv><edomvd>Town of Bartlett</edomvd></edom></attrdomv><attrdomv><edom xmlns=""><edomv>37140</edomv><edomvd>Town of Hollis</edomvd></edom></attrdomv><attrdomv><edom xmlns=""><edomv>37300</edomv><edomvd>Town of Hooksett</edomvd></edom></attrdomv><attrdomv><edom xmlns=""><edomv>37540</edomv><edomvd>Town of Hopkinton</edomvd></edom></attrdomv><attrdomv><edom xmlns=""><edomv>37940</edomv><edomvd>Town of Hudson</edomvd></edom></attrdomv><attrdomv><edom xmlns=""><edomv>38260</edomv><edomvd>Town of Jackson</edomvd></edom></attrdomv><attrdomv><edom xmlns=""><edomv>38500</edomv><edomvd>Town of Jaffrey</edomvd></edom></attrdomv><attrdomv><edom xmlns=""><edomv>38820</edomv><edomvd>Town of Jefferson</edomvd></edom></attrdomv><attrdomv><edom xmlns=""><edomv>39300</edomv><edomvd>City of Keene</edomvd></edom></attrdomv><attrdomv><edom xmlns=""><edomv>3940</edomv><edomvd>Town of Bath</edomvd></edom></attrdomv><attrdomv><edom xmlns=""><edomv>39780</edomv><edomvd>Town of Kensington</edomvd></edom></attrdomv><attrdomv><edom xmlns=""><edomv>39940</edomv><edomvd>Township of Kilkenny</edomvd></edom></attrdomv><attrdomv><edom xmlns=""><edomv>40100</edomv><edomvd>Town of Kingston</edomvd></edom></attrdomv><attrdomv><edom xmlns=""><edomv>40180</edomv><edomvd>City of Laconia</edomvd></edom></attrdomv><attrdomv><edom xmlns=""><edomv>40420</edomv><edomvd>Town of Lancaster</edomvd></edom></attrdomv><attrdomv><edom xmlns=""><edomv>40660</edomv><edomvd>Town of Landaff</edomvd></edom></attrdomv><attrdomv><edom xmlns=""><edomv>40900</edomv><edomvd>Town of Langdon</edomvd></edom></attrdomv><attrdomv><edom xmlns=""><edomv>4100</edomv><edomvd>Bean's Grant</edomvd></edom></attrdomv><attrdomv><edom xmlns=""><edomv>41300</edomv><edomvd>City of Lebanon</edomvd></edom></attrdomv><attrdomv><edom xmlns=""><edomv>41460</edomv><edomvd>Town of Lee</edomvd></edom></attrdomv><attrdomv><edom xmlns=""><edomv>41700</edomv><edomvd>Town of Lempster</edomvd></edom></attrdomv><attrdomv><edom xmlns=""><edomv>41860</edomv><edomvd>Town of Lincoln</edomvd></edom></attrdomv><attrdomv><edom xmlns=""><edomv>420</edomv><edomvd>Town of Albany</edomvd></edom></attrdomv><attrdomv><edom xmlns=""><edomv>42020</edomv><edomvd>Town of Lisbon</edomvd></edom></attrdomv><attrdomv><edom xmlns=""><edomv>42260</edomv><edomvd>Town of Litchfield</edomvd></edom></attrdomv><attrdomv><edom xmlns=""><edomv>42580</edomv><edomvd>Town of Littleton</edomvd></edom></attrdomv><attrdomv><edom xmlns=""><edomv>4260</edomv><edomvd>Bean's Purchase</edomvd></edom></attrdomv><attrdomv><edom xmlns=""><edomv>42820</edomv><edomvd>Township of Livermore</edomvd></edom></attrdomv><attrdomv><edom xmlns=""><edomv>43220</edomv><edomvd>Town of Londonderry</edomvd></edom></attrdomv><attrdomv><edom xmlns=""><edomv>43380</edomv><edomvd>Town of Loudon</edomvd></edom></attrdomv><attrdomv><edom xmlns=""><edomv>43620</edomv><edomvd>Low &amp; Burbank's Grant</edomvd></edom></attrdomv><attrdomv><edom xmlns=""><edomv>44100</edomv><edomvd>Town of Lyman</edomvd></edom></attrdomv><attrdomv><edom xmlns=""><edomv>44260</edomv><edomvd>Town of Lyme</edomvd></edom></attrdomv><attrdomv><edom xmlns=""><edomv>44580</edomv><edomvd>Town of Lyndeborough</edomvd></edom></attrdomv><attrdomv><edom xmlns=""><edomv>44820</edomv><edomvd>Town of Madbury</edomvd></edom></attrdomv><attrdomv><edom xmlns=""><edomv>4500</edomv><edomvd>Town of Bedford</edomvd></edom></attrdomv><attrdomv><edom xmlns=""><edomv>45060</edomv><edomvd>Town of Madison</edomvd></edom></attrdomv><attrdomv><edom xmlns=""><edomv>45140</edomv><edomvd>City of Manchester</edomvd></edom></attrdomv><attrdomv><edom xmlns=""><edomv>45460</edomv><edomvd>Town of Marlborough</edomvd></edom></attrdomv><attrdomv><edom xmlns=""><edomv>45700</edomv><edomvd>Town of Marlow</edomvd></edom></attrdomv><attrdomv><edom xmlns=""><edomv>46020</edomv><edomvd>Martin's Location</edomvd></edom></attrdomv><attrdomv><edom xmlns=""><edomv>46260</edomv><edomvd>Town of Mason</edomvd></edom></attrdomv><attrdomv><edom xmlns=""><edomv>47140</edomv><edomvd>Town of Meredith</edomvd></edom></attrdomv><attrdomv><edom xmlns=""><edomv>4740</edomv><edomvd>Town of Belmont</edomvd></edom></attrdomv><attrdomv><edom xmlns=""><edomv>47540</edomv><edomvd>Town of Merrimack</edomvd></edom></attrdomv><attrdomv><edom xmlns=""><edomv>47700</edomv><edomvd>Town of Middleton</edomvd></edom></attrdomv><attrdomv><edom xmlns=""><edomv>47860</edomv><edomvd>Town of Milan</edomvd></edom></attrdomv><attrdomv><edom xmlns=""><edomv>48020</edomv><edomvd>Town of Milford</edomvd></edom></attrdomv><attrdomv><edom xmlns=""><edomv>48260</edomv><edomvd>Township of Millsfield</edomvd></edom></attrdomv><attrdomv><edom xmlns=""><edomv>48660</edomv><edomvd>Town of Milton</edomvd></edom></attrdomv><attrdomv><edom xmlns=""><edomv>48980</edomv><edomvd>Town of Monroe</edomvd></edom></attrdomv><attrdomv><edom xmlns=""><edomv>4900</edomv><edomvd>Town of Bennington</edomvd></edom></attrdomv><attrdomv><edom xmlns=""><edomv>49140</edomv><edomvd>Town of Mont Vernon</edomvd></edom></attrdomv><attrdomv><edom xmlns=""><edomv>49380</edomv><edomvd>Town of Moultonborough</edomvd></edom></attrdomv><attrdomv><edom xmlns=""><edomv>50260</edomv><edomvd>City of Nashua</edomvd></edom></attrdomv><attrdomv><edom xmlns=""><edomv>50580</edomv><edomvd>Town of Nelson</edomvd></edom></attrdomv><attrdomv><edom xmlns=""><edomv>5060</edomv><edomvd>Town of Benton</edomvd></edom></attrdomv><attrdomv><edom xmlns=""><edomv>50740</edomv><edomvd>Town of New Boston</edomvd></edom></attrdomv><attrdomv><edom xmlns=""><edomv>50900</edomv><edomvd>Town of Newbury</edomvd></edom></attrdomv><attrdomv><edom xmlns=""><edomv>50980</edomv><edomvd>Town of New Castle</edomvd></edom></attrdomv><attrdomv><edom xmlns=""><edomv>51220</edomv><edomvd>Town of New Durham</edomvd></edom></attrdomv><attrdomv><edom xmlns=""><edomv>51380</edomv><edomvd>Town of Newfields</edomvd></edom></attrdomv><attrdomv><edom xmlns=""><edomv>5140</edomv><edomvd>City of Berlin</edomvd></edom></attrdomv><attrdomv><edom xmlns=""><edomv>51540</edomv><edomvd>Town of New Hampton</edomvd></edom></attrdomv><attrdomv><edom xmlns=""><edomv>51620</edomv><edomvd>Town of Newington</edomvd></edom></attrdomv><attrdomv><edom xmlns=""><edomv>51940</edomv><edomvd>Town of New Ipswich</edomvd></edom></attrdomv><attrdomv><edom xmlns=""><edomv>52100</edomv><edomvd>Town of New London</edomvd></edom></attrdomv><attrdomv><edom xmlns=""><edomv>52340</edomv><edomvd>Town of Newmarket</edomvd></edom></attrdomv><attrdomv><edom xmlns=""><edomv>52580</edomv><edomvd>Town of Newport</edomvd></edom></attrdomv><attrdomv><edom xmlns=""><edomv>52900</edomv><edomvd>Town of Newton</edomvd></edom></attrdomv><attrdomv><edom xmlns=""><edomv>54260</edomv><edomvd>Town of Northfield</edomvd></edom></attrdomv><attrdomv><edom xmlns=""><edomv>54580</edomv><edomvd>Town of North Hampton</edomvd></edom></attrdomv><attrdomv><edom xmlns=""><edomv>5460</edomv><edomvd>Town of Bethlehem</edomvd></edom></attrdomv><attrdomv><edom xmlns=""><edomv>56100</edomv><edomvd>Town of Northumberland</edomvd></edom></attrdomv><attrdomv><edom xmlns=""><edomv>56820</edomv><edomvd>Town of Northwood</edomvd></edom></attrdomv><attrdomv><edom xmlns=""><edomv>57460</edomv><edomvd>Town of Nottingham</edomvd></edom></attrdomv><attrdomv><edom xmlns=""><edomv>57860</edomv><edomvd>Township of Odell</edomvd></edom></attrdomv><attrdomv><edom xmlns=""><edomv>580</edomv><edomvd>Town of Alexandria</edomvd></edom></attrdomv><attrdomv><edom xmlns=""><edomv>58340</edomv><edomvd>Town of Orange</edomvd></edom></attrdomv><attrdomv><edom xmlns=""><edomv>58500</edomv><edomvd>Town of Orford</edomvd></edom></attrdomv><attrdomv><edom xmlns=""><edomv>58740</edomv><edomvd>Town of Ossipee</edomvd></edom></attrdomv><attrdomv><edom xmlns=""><edomv>59940</edomv><edomvd>Town of Pelham</edomvd></edom></attrdomv><attrdomv><edom xmlns=""><edomv>60020</edomv><edomvd>Town of Pembroke</edomvd></edom></attrdomv><attrdomv><edom xmlns=""><edomv>60580</edomv><edomvd>Town of Peterborough</edomvd></edom></attrdomv><attrdomv><edom xmlns=""><edomv>61060</edomv><edomvd>Town of Piermont</edomvd></edom></attrdomv><attrdomv><edom xmlns=""><edomv>61620</edomv><edomvd>Pinkham's Grant</edomvd></edom></attrdomv><attrdomv><edom xmlns=""><edomv>61780</edomv><edomvd>Town of Pittsburg</edomvd></edom></attrdomv><attrdomv><edom xmlns=""><edomv>61940</edomv><edomvd>Town of Pittsfield</edomvd></edom></attrdomv><attrdomv><edom xmlns=""><edomv>62340</edomv><edomvd>Town of Plainfield</edomvd></edom></attrdomv><attrdomv><edom xmlns=""><edomv>62500</edomv><edomvd>Town of Plaistow</edomvd></edom></attrdomv><attrdomv><edom xmlns=""><edomv>6260</edomv><edomvd>Town of Boscawen</edomvd></edom></attrdomv><attrdomv><edom xmlns=""><edomv>62660</edomv><edomvd>Town of Plymouth</edomvd></edom></attrdomv><attrdomv><edom xmlns=""><edomv>62900</edomv><edomvd>City of Portsmouth</edomvd></edom></attrdomv><attrdomv><edom xmlns=""><edomv>63860</edomv><edomvd>Town of Randolph</edomvd></edom></attrdomv><attrdomv><edom xmlns=""><edomv>64020</edomv><edomvd>Town of Raymond</edomvd></edom></attrdomv><attrdomv><edom xmlns=""><edomv>64420</edomv><edomvd>Town of Richmond</edomvd></edom></attrdomv><attrdomv><edom xmlns=""><edomv>64580</edomv><edomvd>Town of Rindge</edomvd></edom></attrdomv><attrdomv><edom xmlns=""><edomv>6500</edomv><edomvd>Town of Bow</edomvd></edom></attrdomv><attrdomv><edom xmlns=""><edomv>65140</edomv><edomvd>City of Rochester</edomvd></edom></attrdomv><attrdomv><edom xmlns=""><edomv>65540</edomv><edomvd>Town of Rollinsford</edomvd></edom></attrdomv><attrdomv><edom xmlns=""><edomv>65700</edomv><edomvd>Town of Roxbury</edomvd></edom></attrdomv><attrdomv><edom xmlns=""><edomv>65940</edomv><edomvd>Town of Rumney</edomvd></edom></attrdomv><attrdomv><edom xmlns=""><edomv>660</edomv><edomvd>Town of Allenstown</edomvd></edom></attrdomv><attrdomv><edom xmlns=""><edomv>66180</edomv><edomvd>Town of Rye</edomvd></edom></attrdomv><attalias Sync="TRUE">COUSUB</attalias><atprecis Sync="TRUE">0</atprecis><attscale Sync="TRUE">0</attscale><attrdomv><edom xmlns=""><edomv>66660</edomv><edomvd>Town of Salem</edomvd></edom></attrdomv><attrdomv><edom xmlns=""><edomv>66980</edomv><edomvd>Town of Salisbury</edomvd></edom></attrdomv><attrdomv><edom xmlns=""><edomv>67300</edomv><edomvd>Town of Salisbury</edomvd></edom></attrdomv><attrdomv><edom xmlns=""><edomv>67620</edomv><edomvd>Town of Sandown</edomvd></edom></attrdomv><attrdomv><edom xmlns=""><edomv>67780</edomv><edomvd>Town of Sandwich</edomvd></edom></attrdomv><attrdomv><edom xmlns=""><edomv>67860</edomv><edomvd>Sargent's Purchase</edomvd></edom></attrdomv><attrdomv><edom xmlns=""><edomv>68260</edomv><edomvd>Town of Seabrook</edomvd></edom></attrdomv><attrdomv><edom xmlns=""><edomv>68500</edomv><edomvd>Second College Grant</edomvd></edom></attrdomv><attrdomv><edom xmlns=""><edomv>68820</edomv><edomvd>Town of Sharon</edomvd></edom></attrdomv><attrdomv><edom xmlns=""><edomv>68980</edomv><edomvd>Town of Shelburne</edomvd></edom></attrdomv><attrdomv><edom xmlns=""><edomv>6980</edomv><edomvd>Town of Bradford</edomvd></edom></attrdomv><attrdomv><edom xmlns=""><edomv>69940</edomv><edomvd>City of Somersworth</edomvd></edom></attrdomv><attrdomv><edom xmlns=""><edomv>71140</edomv><edomvd>Town of South Hampton</edomvd></edom></attrdomv><attrdomv><edom xmlns=""><edomv>7220</edomv><edomvd>Town of Brentwood</edomvd></edom></attrdomv><attrdomv><edom xmlns=""><edomv>72740</edomv><edomvd>Town of Springfield</edomvd></edom></attrdomv><attrdomv><edom xmlns=""><edomv>73060</edomv><edomvd>Town of Stark</edomvd></edom></attrdomv><attrdomv><edom xmlns=""><edomv>73380</edomv><edomvd>Town of Stewartstown</edomvd></edom></attrdomv><attrdomv><edom xmlns=""><edomv>73700</edomv><edomvd>Town of Stoddard</edomvd></edom></attrdomv><attrdomv><edom xmlns=""><edomv>73860</edomv><edomvd>Town of Strafford</edomvd></edom></attrdomv><attrdomv><edom xmlns=""><edomv>74180</edomv><edomvd>Town of Stratford</edomvd></edom></attrdomv><attrdomv><edom xmlns=""><edomv>74340</edomv><edomvd>Town of Stratham</edomvd></edom></attrdomv><attrdomv><edom xmlns=""><edomv>74500</edomv><edomvd>Township of Success</edomvd></edom></attrdomv><attrdomv><edom xmlns=""><edomv>74740</edomv><edomvd>Town of Sugar Hill</edomvd></edom></attrdomv><attrdomv><edom xmlns=""><edomv>74900</edomv><edomvd>Town of Sullivan</edomvd></edom></attrdomv><attrdomv><edom xmlns=""><edomv>75060</edomv><edomvd>Town of Sunapee</edomvd></edom></attrdomv><attrdomv><edom xmlns=""><edomv>75300</edomv><edomvd>Town of Surry</edomvd></edom></attrdomv><attrdomv><edom xmlns=""><edomv>7540</edomv><edomvd>Town of Bridgewater</edomvd></edom></attrdomv><attrdomv><edom xmlns=""><edomv>75460</edomv><edomvd>Town of Sutton</edomvd></edom></attrdomv><attrdomv><edom xmlns=""><edomv>75700</edomv><edomvd>Town of Swanzey</edomvd></edom></attrdomv><attrdomv><edom xmlns=""><edomv>76100</edomv><edomvd>Town of Tamworth</edomvd></edom></attrdomv><attrdomv><edom xmlns=""><edomv>76260</edomv><edomvd>Town of Temple</edomvd></edom></attrdomv><attrdomv><edom xmlns=""><edomv>76580</edomv><edomvd>Thompson &amp; Meserve's Purchase</edomvd></edom></attrdomv><attrdomv><edom xmlns=""><edomv>76740</edomv><edomvd>Town of Thornton</edomvd></edom></attrdomv><attrdomv><edom xmlns=""><edomv>7700</edomv><edomvd>Town of Bristol</edomvd></edom></attrdomv><attrdomv><edom xmlns=""><edomv>77060</edomv><edomvd>Town of Tilton</edomvd></edom></attrdomv><attrdomv><edom xmlns=""><edomv>77380</edomv><edomvd>Town of Troy</edomvd></edom></attrdomv><attrdomv><edom xmlns=""><edomv>77620</edomv><edomvd>Town of Tuftonboro</edomvd></edom></attrdomv><attrdomv><edom xmlns=""><edomv>77940</edomv><edomvd>Town of Unity</edomvd></edom></attrdomv><attrdomv><edom xmlns=""><edomv>78180</edomv><edomvd>Town of Wakefield</edomvd></edom></attrdomv><attrdomv><edom xmlns=""><edomv>78420</edomv><edomvd>Town of Walpole</edomvd></edom></attrdomv><attrdomv><edom xmlns=""><edomv>78580</edomv><edomvd>Town of Warner</edomvd></edom></attrdomv><attrdomv><edom xmlns=""><edomv>78740</edomv><edomvd>Town of Warren</edomvd></edom></attrdomv><attrdomv><edom xmlns=""><edomv>78980</edomv><edomvd>Town of Washington</edomvd></edom></attrdomv><attrdomv><edom xmlns=""><edomv>79380</edomv><edomvd>Town of Waterville Valley</edomvd></edom></attrdomv><attrdomv><edom xmlns=""><edomv>7940</edomv><edomvd>Town of Brookfield</edomvd></edom></attrdomv><attrdomv><edom xmlns=""><edomv>79780</edomv><edomvd>Town of Weare</edomvd></edom></attrdomv><attrdomv><edom xmlns=""><edomv>80020</edomv><edomvd>Town of Webster</edomvd></edom></attrdomv><attrdomv><edom xmlns=""><edomv>80500</edomv><edomvd>Town of Wentworth</edomvd></edom></attrdomv><attrdomv><edom xmlns=""><edomv>80740</edomv><edomvd>Wentworth's Location</edomvd></edom></attrdomv><attrdomv><edom xmlns=""><edomv>8100</edomv><edomvd>Town of Brookline</edomvd></edom></attrdomv><attrdomv><edom xmlns=""><edomv>820</edomv><edomvd>Town of Alstead</edomvd></edom></attrdomv><attrdomv><edom xmlns=""><edomv>82660</edomv><edomvd>Town of Westmoreland</edomvd></edom></attrdomv><attrdomv><edom xmlns=""><edomv>8420</edomv><edomvd>Township of Cambridge</edomvd></edom></attrdomv><attrdomv><edom xmlns=""><edomv>84420</edomv><edomvd>Town of Whitefield</edomvd></edom></attrdomv><attrdomv><edom xmlns=""><edomv>84900</edomv><edomvd>Town of Wilmot</edomvd></edom></attrdomv><attrdomv><edom xmlns=""><edomv>85220</edomv><edomvd>Town of Wilton</edomvd></edom></attrdomv><attrdomv><edom xmlns=""><edomv>85540</edomv><edomvd>Town of Winchester</edomvd></edom></attrdomv><attrdomv><edom xmlns=""><edomv>85780</edomv><edomvd>Town of Windham</edomvd></edom></attrdomv><attrdomv><edom xmlns=""><edomv>85940</edomv><edomvd>Town of Windsor</edomvd></edom></attrdomv><attrdomv><edom xmlns=""><edomv>86420</edomv><edomvd>Town of Wolfeboro</edomvd></edom></attrdomv><attrdomv><edom xmlns=""><edomv>8660</edomv><edomvd>Town of Campton</edomvd></edom></attrdomv><attrdomv><edom xmlns=""><edomv>87060</edomv><edomvd>Town of Woodstock</edomvd></edom></attrdomv><attrdomv><edom xmlns=""><edomv>8980</edomv><edomvd>Town of Canaan</edomvd></edom></attrdomv><attrdomv><edom xmlns=""><edomv>9300</edomv><edomvd>Town of Candia</edomvd></edom></attrdomv><attrdomv><edom xmlns=""><edomv>9860</edomv><edomvd>Town of Canterbury</edomvd></edom></attrdomv></attr><attr xmlns=""><attrlabl Sync="TRUE">PLACE</attrlabl><attalias Sync="TRUE">PLACE</attalias><attrtype Sync="TRUE">String</attrtype><attwidth Sync="TRUE">5</attwidth><atprecis Sync="TRUE">0</atprecis><attscale Sync="TRUE">0</attscale><attrdef>Populated Place code (city or CDP)</attrdef><attrdomv><edom xmlns=""><edomv>10820</edomv><edomvd>Center Ossipee CDP</edomvd></edom></attrdomv><attrdomv><edom xmlns=""><edomv>10900</edomv><edomvd>Center Sandwich CDP</edomvd></edom></attrdomv><attrdomv><edom xmlns=""><edomv>11300</edomv><edomvd>Charlestown CDP</edomvd></edom></attrdomv><attrdomv><edom xmlns=""><edomv>1220</edomv><edomvd>Amherst CDP</edomvd></edom></attrdomv><attrdomv><edom xmlns=""><edomv>12900</edomv><edomvd>Claremont city</edomvd></edom></attrdomv><attrdomv><edom xmlns=""><edomv>13700</edomv><edomvd>Colebrook CDP</edomvd></edom></attrdomv><attrdomv><edom xmlns=""><edomv>14200</edomv><edomvd>Concord city</edomvd></edom></attrdomv><attrdomv><edom xmlns=""><edomv>14340</edomv><edomvd>Contoocook CDP</edomvd></edom></attrdomv><attrdomv><edom xmlns=""><edomv>14580</edomv><edomvd>Conway CDP</edomvd></edom></attrdomv><attrdomv><edom xmlns=""><edomv>1620</edomv><edomvd>Antrim CDP</edomvd></edom></attrdomv><attrdomv><edom xmlns=""><edomv>17860</edomv><edomvd>Derry CDP</edomvd></edom></attrdomv><attrdomv><edom xmlns=""><edomv>18820</edomv><edomvd>Dover city</edomvd></edom></attrdomv><attrdomv><edom xmlns=""><edomv>1940</edomv><edomvd>Ashland CDP</edomvd></edom></attrdomv><attrdomv><edom xmlns=""><edomv>19620</edomv><edomvd>Durham CDP</edomvd></edom></attrdomv><attrdomv><edom xmlns=""><edomv>21780</edomv><edomvd>East Merrimack CDP</edomvd></edom></attrdomv><attrdomv><edom xmlns=""><edomv>24260</edomv><edomvd>Enfield CDP</edomvd></edom></attrdomv><attrdomv><edom xmlns=""><edomv>24580</edomv><edomvd>Epping CDP</edomvd></edom></attrdomv><attrdomv><edom xmlns=""><edomv>25300</edomv><edomvd>Exeter CDP</edomvd></edom></attrdomv><attrdomv><edom xmlns=""><edomv>25940</edomv><edomvd>Farmington CDP</edomvd></edom></attrdomv><attrdomv><edom xmlns=""><edomv>27380</edomv><edomvd>Franklin city</edomvd></edom></attrdomv><attrdomv><edom xmlns=""><edomv>29780</edomv><edomvd>Goffstown CDP</edomvd></edom></attrdomv><attrdomv><edom xmlns=""><edomv>30180</edomv><edomvd>Gorham CDP</edomvd></edom></attrdomv><attrdomv><edom xmlns=""><edomv>31860</edomv><edomvd>Greenville CDP</edomvd></edom></attrdomv><attrdomv><edom xmlns=""><edomv>32260</edomv><edomvd>Groveton CDP</edomvd></edom></attrdomv><attrdomv><edom xmlns=""><edomv>32980</edomv><edomvd>Hampton CDP</edomvd></edom></attrdomv><attrdomv><edom xmlns=""><edomv>33140</edomv><edomvd>Hampton Beach CDP</edomvd></edom></attrdomv><attrdomv><edom xmlns=""><edomv>33620</edomv><edomvd>Hancock CDP</edomvd></edom></attrdomv><attrdomv><edom xmlns=""><edomv>33780</edomv><edomvd>Hanover CDP</edomvd></edom></attrdomv><attrdomv><edom xmlns=""><edomv>35460</edomv><edomvd>Henniker CDP</edomvd></edom></attrdomv><attrdomv><edom xmlns=""><edomv>36020</edomv><edomvd>Hillsborough CDP</edomvd></edom></attrdomv><attrdomv><edom xmlns=""><edomv>3620</edomv><edomvd>Bartlett CDP</edomvd></edom></attrdomv><attrdomv><edom xmlns=""><edomv>36580</edomv><edomvd>Hinsdale CDP</edomvd></edom></attrdomv><attrdomv><edom xmlns=""><edomv>37220</edomv><edomvd>Hooksett CDP</edomvd></edom></attrdomv><attrdomv><edom xmlns=""><edomv>37860</edomv><edomvd>Hudson CDP</edomvd></edom></attrdomv><attrdomv><edom xmlns=""><edomv>38420</edomv><edomvd>Jaffrey CDP</edomvd></edom></attrdomv><attrdomv><edom xmlns=""><edomv>39300</edomv><edomvd>Keene city</edomvd></edom></attrdomv><attrdomv><edom xmlns=""><edomv>40180</edomv><edomvd>Laconia city</edomvd></edom></attrdomv><attrdomv><edom xmlns=""><edomv>40340</edomv><edomvd>Lancaster CDP</edomvd></edom></attrdomv><attrdomv><edom xmlns=""><edomv>41300</edomv><edomvd>Lebanon city</edomvd></edom></attrdomv><attrdomv><edom xmlns=""><edomv>41780</edomv><edomvd>Lincoln CDP</edomvd></edom></attrdomv><attrdomv><edom xmlns=""><edomv>41940</edomv><edomvd>Lisbon CDP</edomvd></edom></attrdomv><attrdomv><edom xmlns=""><edomv>42500</edomv><edomvd>Littleton CDP</edomvd></edom></attrdomv><attrdomv><edom xmlns=""><edomv>43140</edomv><edomvd>Londonderry CDP</edomvd></edom></attrdomv><attrdomv><edom xmlns=""><edomv>43300</edomv><edomvd>Loudon CDP</edomvd></edom></attrdomv><attrdomv><edom xmlns=""><edomv>45140</edomv><edomvd>Manchester city</edomvd></edom></attrdomv><attrdomv><edom xmlns=""><edomv>45380</edomv><edomvd>Marlborough CDP</edomvd></edom></attrdomv><attrdomv><edom xmlns=""><edomv>4660</edomv><edomvd>Belmont CDP</edomvd></edom></attrdomv><attrdomv><edom xmlns=""><edomv>46980</edomv><edomvd>Melvin Village CDP</edomvd></edom></attrdomv><attrdomv><edom xmlns=""><edomv>47060</edomv><edomvd>Meredith CDP</edomvd></edom></attrdomv><attrdomv><edom xmlns=""><edomv>47940</edomv><edomvd>Milford CDP</edomvd></edom></attrdomv><attrdomv><edom xmlns=""><edomv>4820</edomv><edomvd>Bennington CDP</edomvd></edom></attrdomv><attrdomv><edom xmlns=""><edomv>48580</edomv><edomvd>Milton CDP</edomvd></edom></attrdomv><attrdomv><edom xmlns=""><edomv>48740</edomv><edomvd>Milton Mills CDP</edomvd></edom></attrdomv><attrdomv><edom xmlns=""><edomv>49600</edomv><edomvd>Mountain Lakes CDP</edomvd></edom></attrdomv><attrdomv><edom xmlns=""><edomv>50260</edomv><edomvd>Nashua city</edomvd></edom></attrdomv><attrdomv><edom xmlns=""><edomv>51300</edomv><edomvd>Newfields CDP</edomvd></edom></attrdomv><attrdomv><edom xmlns=""><edomv>5140</edomv><edomvd>Berlin city</edomvd></edom></attrdomv><attrdomv><edom xmlns=""><edomv>51460</edomv><edomvd>New Hampton CDP</edomvd></edom></attrdomv><attrdomv><edom xmlns=""><edomv>52020</edomv><edomvd>New London CDP</edomvd></edom></attrdomv><attrdomv><edom xmlns=""><edomv>52260</edomv><edomvd>Newmarket CDP</edomvd></edom></attrdomv><attrdomv><edom xmlns=""><edomv>52500</edomv><edomvd>Newport CDP</edomvd></edom></attrdomv><attrdomv><edom xmlns=""><edomv>5380</edomv><edomvd>Bethlehem CDP</edomvd></edom></attrdomv><attrdomv><edom xmlns=""><edomv>53860</edomv><edomvd>North Conway CDP</edomvd></edom></attrdomv><attrdomv><edom xmlns=""><edomv>56420</edomv><edomvd>North Walpole CDP</edomvd></edom></attrdomv><attrdomv><edom xmlns=""><edomv>57220</edomv><edomvd>North Woodstock CDP</edomvd></edom></attrdomv><attrdomv><edom xmlns=""><edomv>6020</edomv><edomvd>Blodgett Landing CDP</edomvd></edom></attrdomv><attrdomv><edom xmlns=""><edomv>60500</edomv><edomvd>Peterborough CDP</edomvd></edom></attrdomv><attrdomv><edom xmlns=""><edomv>61220</edomv><edomvd>Pinardville CDP</edomvd></edom></attrdomv><attrdomv><edom xmlns=""><edomv>61860</edomv><edomvd>Pittsfield CDP</edomvd></edom></attrdomv><attrdomv><edom xmlns=""><edomv>62260</edomv><edomvd>Plainfield CDP</edomvd></edom></attrdomv><attrdomv><edom xmlns=""><edomv>62580</edomv><edomvd>Plymouth CDP</edomvd></edom></attrdomv><attrdomv><edom xmlns=""><edomv>62900</edomv><edomvd>Portsmouth city</edomvd></edom></attrdomv><attrdomv><edom xmlns=""><edomv>63940</edomv><edomvd>Raymond CDP</edomvd></edom></attrdomv><attrdomv><edom xmlns=""><edomv>65140</edomv><edomvd>Rochester city</edomvd></edom></attrdomv><attrdomv><edom xmlns=""><edomv>67460</edomv><edomvd>Sanbornville CDP</edomvd></edom></attrdomv><attrdomv><edom xmlns=""><edomv>68340</edomv><edomvd>Seabrook Beach CDP</edomvd></edom></attrdomv><attrdomv><edom xmlns=""><edomv>6900</edomv><edomvd>Bradford CDP</edomvd></edom></attrdomv><attrdomv><edom xmlns=""><edomv>69940</edomv><edomvd>Somersworth city</edomvd></edom></attrdomv><attrdomv><edom xmlns=""><edomv>71220</edomv><edomvd>South Hooksett CDP</edomvd></edom></attrdomv><attrdomv><edom xmlns=""><edomv>74780</edomv><edomvd>Suissevale CDP</edomvd></edom></attrdomv><attrdomv><edom xmlns=""><edomv>75140</edomv><edomvd>Suncook CDP</edomvd></edom></attrdomv><attrdomv><edom xmlns=""><edomv>7620</edomv><edomvd>Bristol CDP</edomvd></edom></attrdomv><attrdomv><edom xmlns=""><edomv>77100</edomv><edomvd>Tilton-Northfield CDP</edomvd></edom></attrdomv><attrdomv><edom xmlns=""><edomv>77300</edomv><edomvd>Troy CDP</edomvd></edom></attrdomv><attrdomv><edom xmlns=""><edomv>77780</edomv><edomvd>Union CDP</edomvd></edom></attrdomv><attrdomv><edom xmlns=""><edomv>78340</edomv><edomvd>Walpole CDP</edomvd></edom></attrdomv><attrdomv><edom xmlns=""><edomv>78500</edomv><edomvd>Warner CDP</edomvd></edom></attrdomv><attrdomv><edom xmlns=""><edomv>83620</edomv><edomvd>West Stewartstown CDP</edomvd></edom></attrdomv><attrdomv><edom xmlns=""><edomv>83700</edomv><edomvd>West Swanzey CDP</edomvd></edom></attrdomv><attrdomv><edom xmlns=""><edomv>84340</edomv><edomvd>Whitefield CDP</edomvd></edom></attrdomv><attrdomv><edom xmlns=""><edomv>85140</edomv><edomvd>Wilton CDP</edomvd></edom></attrdomv><attrdomv><edom xmlns=""><edomv>85460</edomv><edomvd>Winchester CDP</edomvd></edom></attrdomv><attrdomv><edom xmlns=""><edomv>86340</edomv><edomvd>Wolfeboro CDP</edomvd></edom></attrdomv><attrdomv><edom xmlns=""><edomv>87140</edomv><edomvd>Woodsville CDP</edomvd></edom></attrdomv><attrdomv><edom xmlns=""><edomv>8900</edomv><edomvd>Canaan CDP</edomvd></edom></attrdomv><attrdomv><edom xmlns=""><edomv>980</edomv><edomvd>Alton Bay CDP</edomvd></edom></attrdomv><attrdomv><edom><edomv>99999</edomv><edomvd>not in city or CDP</edomvd></edom></attrdomv></attr><attr xmlns=""><attrlabl Sync="TRUE">BLKGRP</attrlabl><attalias Sync="TRUE">BLKGRP</attalias><attrtype Sync="TRUE">String</attrtype><attwidth Sync="TRUE">1</attwidth><atprecis Sync="TRUE">0</atprecis><attscale Sync="TRUE">0</attscale><attrdef>Block Group</attrdef></attr><attr xmlns=""><attrlabl Sync="TRUE">POP100</attrlabl><attalias Sync="TRUE">POP100</attalias><attrtype Sync="TRUE">Integer</attrtype><attwidth Sync="TRUE">9</attwidth><atprecis Sync="TRUE">9</atprecis><attscale Sync="TRUE">0</attscale><attrdef>Population Count (100%)</attrdef></attr><attr xmlns=""><attrlabl Sync="TRUE">POP1RACE</attrlabl><attalias Sync="TRUE">POP1RACE</attalias><attrtype Sync="TRUE">Integer</attrtype><attwidth Sync="TRUE">9</attwidth><atprecis Sync="TRUE">9</atprecis><attscale Sync="TRUE">0</attscale><attrdef>Population  - 1 race</attrdef></attr><attr xmlns=""><attrlabl Sync="TRUE">POPWHITE</attrlabl><attalias Sync="TRUE">POPWHITE</attalias><attrtype Sync="TRUE">Integer</attrtype><attwidth Sync="TRUE">9</attwidth><atprecis Sync="TRUE">9</atprecis><attscale Sync="TRUE">0</attscale><attrdef>Population - White alone</attrdef></attr><attr xmlns=""><attrlabl Sync="TRUE">POPBLACK</attrlabl><attalias Sync="TRUE">POPBLACK</attalias><attrtype Sync="TRUE">Integer</attrtype><attwidth Sync="TRUE">9</attwidth><atprecis Sync="TRUE">9</atprecis><attscale Sync="TRUE">0</attscale><attrdef>Population - Black or African American alone</attrdef></attr><attr xmlns=""><attrlabl Sync="TRUE">POPAMERIND</attrlabl><attalias Sync="TRUE">POPAMERIND</attalias><attrtype Sync="TRUE">Integer</attrtype><attwidth Sync="TRUE">9</attwidth><atprecis Sync="TRUE">9</atprecis><attscale Sync="TRUE">0</attscale><attrdef>Population - American Indian and Alaska Native alone</attrdef></attr><attr xmlns=""><attrlabl Sync="TRUE">POPASIAN</attrlabl><attalias Sync="TRUE">POPASIAN</attalias><attrtype Sync="TRUE">Integer</attrtype><attwidth Sync="TRUE">9</attwidth><atprecis Sync="TRUE">9</atprecis><attscale Sync="TRUE">0</attscale><attrdef>Population - Asian alone</attrdef></attr><attr xmlns=""><attrlabl Sync="TRUE">POPPACIFIC</attrlabl><attalias Sync="TRUE">POPPACIFIC</attalias><attrtype Sync="TRUE">Integer</attrtype><attwidth Sync="TRUE">9</attwidth><atprecis Sync="TRUE">9</atprecis><attscale Sync="TRUE">0</attscale><attrdef>Population - Native Hawaiian and Other Pacific Islander alone</attrdef></attr><attr xmlns=""><attrlabl Sync="TRUE">POPOTHER</attrlabl><attalias Sync="TRUE">POPOTHER</attalias><attrtype Sync="TRUE">Integer</attrtype><attwidth Sync="TRUE">9</attwidth><atprecis Sync="TRUE">9</atprecis><attscale Sync="TRUE">0</attscale><attrdef>Population - Some Other Race alone</attrdef></attr><attr xmlns=""><attrlabl Sync="TRUE">POPMULTRAC</attrlabl><attalias Sync="TRUE">POPMULTRAC</attalias><attrtype Sync="TRUE">Integer</attrtype><attwidth Sync="TRUE">9</attwidth><atprecis Sync="TRUE">9</atprecis><attscale Sync="TRUE">0</attscale><attrdef>Population - Two or more races</attrdef></attr><attr xmlns=""><attrlabl Sync="TRUE">POPHISP</attrlabl><attalias Sync="TRUE">POPHISP</attalias><attrtype Sync="TRUE">Integer</attrtype><attwidth Sync="TRUE">9</attwidth><atprecis Sync="TRUE">9</atprecis><attscale Sync="TRUE">0</attscale><attrdef>Population - Hispanic or Latino</attrdef></attr><attr xmlns=""><attrlabl Sync="TRUE">POPMALE</attrlabl><attalias Sync="TRUE">POPMALE</attalias><attrtype Sync="TRUE">Integer</attrtype><attwidth Sync="TRUE">9</attwidth><atprecis Sync="TRUE">9</atprecis><attscale Sync="TRUE">0</attscale><attrdef>Population - male</attrdef></attr><attr xmlns=""><attrlabl Sync="TRUE">M_0_4</attrlabl><attalias Sync="TRUE">M_0_4</attalias><attrtype Sync="TRUE">Integer</attrtype><attwidth Sync="TRUE">9</attwidth><atprecis Sync="TRUE">9</atprecis><attscale Sync="TRUE">0</attscale><attrdef>Male population, ages 0 through 4</attrdef></attr><attr xmlns=""><attrlabl Sync="TRUE">M_5_9</attrlabl><attalias Sync="TRUE">M_5_9</attalias><attrtype Sync="TRUE">Integer</attrtype><attwidth Sync="TRUE">9</attwidth><atprecis Sync="TRUE">9</atprecis><attscale Sync="TRUE">0</attscale><attrdef>Male population, ages 5 through 9</attrdef></attr><attr xmlns=""><attrlabl Sync="TRUE">M_10_14</attrlabl><attalias Sync="TRUE">M_10_14</attalias><attrtype Sync="TRUE">Integer</attrtype><attwidth Sync="TRUE">9</attwidth><atprecis Sync="TRUE">9</atprecis><attscale Sync="TRUE">0</attscale><attrdef>Male population, ages 10 through 14</attrdef></attr><attr xmlns=""><attrlabl Sync="TRUE">M_15_17</attrlabl><attalias Sync="TRUE">M_15_17</attalias><attrtype Sync="TRUE">Integer</attrtype><attwidth Sync="TRUE">9</attwidth><atprecis Sync="TRUE">9</atprecis><attscale Sync="TRUE">0</attscale><attrdef>Male population, ages 15 through 17</attrdef></attr><attr xmlns=""><attrlabl Sync="TRUE">M_18_19</attrlabl><attalias Sync="TRUE">M_18_19</attalias><attrtype Sync="TRUE">Integer</attrtype><attwidth Sync="TRUE">9</attwidth><atprecis Sync="TRUE">9</atprecis><attscale Sync="TRUE">0</attscale><attrdef>Male population, ages 18 and 19</attrdef></attr><attr xmlns=""><attrlabl Sync="TRUE">M_20</attrlabl><attalias Sync="TRUE">M_20</attalias><attrtype Sync="TRUE">Integer</attrtype><attwidth Sync="TRUE">9</attwidth><atprecis Sync="TRUE">9</atprecis><attscale Sync="TRUE">0</attscale><attrdef>Male population, age 20</attrdef></attr><attr xmlns=""><attrlabl Sync="TRUE">M_21</attrlabl><attalias Sync="TRUE">M_21</attalias><attrtype Sync="TRUE">Integer</attrtype><attwidth Sync="TRUE">9</attwidth><atprecis Sync="TRUE">9</atprecis><attscale Sync="TRUE">0</attscale><attrdef>Male population, age 21</attrdef></attr><attr xmlns=""><attrlabl Sync="TRUE">M_22_24</attrlabl><attalias Sync="TRUE">M_22_24</attalias><attrtype Sync="TRUE">Integer</attrtype><attwidth Sync="TRUE">9</attwidth><atprecis Sync="TRUE">9</atprecis><attscale Sync="TRUE">0</attscale><attrdef>Male population, ages 22 through 24</attrdef></attr><attr xmlns=""><attrlabl Sync="TRUE">M_25_29</attrlabl><attalias Sync="TRUE">M_25_29</attalias><attrtype Sync="TRUE">Integer</attrtype><attwidth Sync="TRUE">9</attwidth><atprecis Sync="TRUE">9</atprecis><attscale Sync="TRUE">0</attscale><attrdef>Male population, ages 25 through 29</attrdef></attr><attr xmlns=""><attrlabl Sync="TRUE">M_30_34</attrlabl><attalias Sync="TRUE">M_30_34</attalias><attrtype Sync="TRUE">Integer</attrtype><attwidth Sync="TRUE">9</attwidth><atprecis Sync="TRUE">9</atprecis><attscale Sync="TRUE">0</attscale><attrdef>Male population, ages 30 through 34</attrdef></attr><attr xmlns=""><attrlabl Sync="TRUE">M_35_39</attrlabl><attalias Sync="TRUE">M_35_39</attalias><attrtype Sync="TRUE">Integer</attrtype><attwidth Sync="TRUE">9</attwidth><atprecis Sync="TRUE">9</atprecis><attscale Sync="TRUE">0</attscale><attrdef>Male population, ages 35 through 39</attrdef></attr><attr xmlns=""><attrlabl Sync="TRUE">M_40_44</attrlabl><attalias Sync="TRUE">M_40_44</attalias><attrtype Sync="TRUE">Integer</attrtype><attwidth Sync="TRUE">9</attwidth><atprecis Sync="TRUE">9</atprecis><attscale Sync="TRUE">0</attscale><attrdef>Male population, ages 40 through 44</attrdef></attr><attr xmlns=""><attrlabl Sync="TRUE">M_45_49</attrlabl><attalias Sync="TRUE">M_45_49</attalias><attrtype Sync="TRUE">Integer</attrtype><attwidth Sync="TRUE">9</attwidth><atprecis Sync="TRUE">9</atprecis><attscale Sync="TRUE">0</attscale><attrdef>Male population, ages 45 through 49</attrdef></attr><attr xmlns=""><attrlabl Sync="TRUE">M_50_54</attrlabl><attalias Sync="TRUE">M_50_54</attalias><attrtype Sync="TRUE">Integer</attrtype><attwidth Sync="TRUE">9</attwidth><atprecis Sync="TRUE">9</atprecis><attscale Sync="TRUE">0</attscale><attrdef>Male population, ages 50 through 54</attrdef></attr><attr xmlns=""><attrlabl Sync="TRUE">M_55_59</attrlabl><attalias Sync="TRUE">M_55_59</attalias><attrtype Sync="TRUE">Integer</attrtype><attwidth Sync="TRUE">9</attwidth><atprecis Sync="TRUE">9</atprecis><attscale Sync="TRUE">0</attscale><attrdef>Male population, ages 55 through 59</attrdef></attr><attr xmlns=""><attrlabl Sync="TRUE">M_60_61</attrlabl><attalias Sync="TRUE">M_60_61</attalias><attrtype Sync="TRUE">Integer</attrtype><attwidth Sync="TRUE">9</attwidth><atprecis Sync="TRUE">9</atprecis><attscale Sync="TRUE">0</attscale><attrdef>Male population, ages 60 and 61</attrdef></attr><attr xmlns=""><attrlabl Sync="TRUE">M_62_64</attrlabl><attalias Sync="TRUE">M_62_64</attalias><attrtype Sync="TRUE">Integer</attrtype><attwidth Sync="TRUE">9</attwidth><atprecis Sync="TRUE">9</atprecis><attscale Sync="TRUE">0</attscale><attrdef>Male population, ages 62 through 64</attrdef></attr><attr xmlns=""><attrlabl Sync="TRUE">M_65_66</attrlabl><attalias Sync="TRUE">M_65_66</attalias><attrtype Sync="TRUE">Integer</attrtype><attwidth Sync="TRUE">9</attwidth><atprecis Sync="TRUE">9</atprecis><attscale Sync="TRUE">0</attscale><attrdef>Male population, ages 65 and 66</attrdef></attr><attr xmlns=""><attrlabl Sync="TRUE">M_67_69</attrlabl><attalias Sync="TRUE">M_67_69</attalias><attrtype Sync="TRUE">Integer</attrtype><attwidth Sync="TRUE">9</attwidth><atprecis Sync="TRUE">9</atprecis><attscale Sync="TRUE">0</attscale><attrdef>Male population, age 67 through 69</attrdef></attr><attr xmlns=""><attrlabl Sync="TRUE">M_70_74</attrlabl><attalias Sync="TRUE">M_70_74</attalias><attrtype Sync="TRUE">Integer</attrtype><attwidth Sync="TRUE">9</attwidth><atprecis Sync="TRUE">9</atprecis><attscale Sync="TRUE">0</attscale><attrdef>Male population, age 70 through 74</attrdef></attr><attr xmlns=""><attrlabl Sync="TRUE">M_75_79</attrlabl><attalias Sync="TRUE">M_75_79</attalias><attrtype Sync="TRUE">Integer</attrtype><attwidth Sync="TRUE">9</attwidth><atprecis Sync="TRUE">9</atprecis><attscale Sync="TRUE">0</attscale><attrdef>Male population, age 75 through 79</attrdef></attr><attr xmlns=""><attrlabl Sync="TRUE">M_80_84</attrlabl><attalias Sync="TRUE">M_80_84</attalias><attrtype Sync="TRUE">Integer</attrtype><attwidth Sync="TRUE">9</attwidth><atprecis Sync="TRUE">9</atprecis><attscale Sync="TRUE">0</attscale><attrdef>Male population, age 80 through 84</attrdef></attr><attr xmlns=""><attrlabl Sync="TRUE">M_85UP</attrlabl><attalias Sync="TRUE">M_85UP</attalias><attrtype Sync="TRUE">Integer</attrtype><attwidth Sync="TRUE">9</attwidth><atprecis Sync="TRUE">9</atprecis><attscale Sync="TRUE">0</attscale><attrdef>Male population, age 85 and up</attrdef></attr><attr xmlns=""><attrlabl Sync="TRUE">POPFEMALE</attrlabl><attalias Sync="TRUE">POPFEMALE</attalias><attrtype Sync="TRUE">Integer</attrtype><attwidth Sync="TRUE">9</attwidth><atprecis Sync="TRUE">9</atprecis><attscale Sync="TRUE">0</attscale><attrdef>Population - female</attrdef></attr><attr xmlns=""><attrlabl Sync="TRUE">F_0_4</attrlabl><attalias Sync="TRUE">F_0_4</attalias><attrtype Sync="TRUE">Integer</attrtype><attwidth Sync="TRUE">9</attwidth><atprecis Sync="TRUE">9</atprecis><attscale Sync="TRUE">0</attscale><attrdef>Female population, age 0 through 4</attrdef></attr><attr xmlns=""><attrlabl Sync="TRUE">F_5_9</attrlabl><attalias Sync="TRUE">F_5_9</attalias><attrtype Sync="TRUE">Integer</attrtype><attwidth Sync="TRUE">9</attwidth><atprecis Sync="TRUE">9</atprecis><attscale Sync="TRUE">0</attscale><attrdef>Female population, age 5 through 9</attrdef></attr><attr xmlns=""><attrlabl Sync="TRUE">F_10_14</attrlabl><attalias Sync="TRUE">F_10_14</attalias><attrtype Sync="TRUE">Integer</attrtype><attwidth Sync="TRUE">9</attwidth><atprecis Sync="TRUE">9</atprecis><attscale Sync="TRUE">0</attscale><attrdef>Female population, age 10 through 14</attrdef></attr><attr xmlns=""><attrlabl Sync="TRUE">F_15_17</attrlabl><attalias Sync="TRUE">F_15_17</attalias><attrtype Sync="TRUE">Integer</attrtype><attwidth Sync="TRUE">9</attwidth><atprecis Sync="TRUE">9</atprecis><attscale Sync="TRUE">0</attscale><attrdef>Female population, age 15 through 17</attrdef></attr><attr xmlns=""><attrlabl Sync="TRUE">F_18_19</attrlabl><attalias Sync="TRUE">F_18_19</attalias><attrtype Sync="TRUE">Integer</attrtype><attwidth Sync="TRUE">9</attwidth><atprecis Sync="TRUE">9</atprecis><attscale Sync="TRUE">0</attscale><attrdef>Female population, age 18 and 19</attrdef></attr><attr xmlns=""><attrlabl Sync="TRUE">F_20</attrlabl><attalias Sync="TRUE">F_20</attalias><attrtype Sync="TRUE">Integer</attrtype><attwidth Sync="TRUE">9</attwidth><atprecis Sync="TRUE">9</atprecis><attscale Sync="TRUE">0</attscale><attrdef>Female population, age 20</attrdef></attr><attr xmlns=""><attrlabl Sync="TRUE">F_21</attrlabl><attalias Sync="TRUE">F_21</attalias><attrtype Sync="TRUE">Integer</attrtype><attwidth Sync="TRUE">9</attwidth><atprecis Sync="TRUE">9</atprecis><attscale Sync="TRUE">0</attscale><attrdef>Female population, age 21</attrdef></attr><attr xmlns=""><attrlabl Sync="TRUE">F_22_24</attrlabl><attalias Sync="TRUE">F_22_24</attalias><attrtype Sync="TRUE">Integer</attrtype><attwidth Sync="TRUE">9</attwidth><atprecis Sync="TRUE">9</atprecis><attscale Sync="TRUE">0</attscale><attrdef>Female population, age 22 through 24</attrdef></attr><attr xmlns=""><attrlabl Sync="TRUE">F_25_29</attrlabl><attalias Sync="TRUE">F_25_29</attalias><attrtype Sync="TRUE">Integer</attrtype><attwidth Sync="TRUE">9</attwidth><atprecis Sync="TRUE">9</atprecis><attscale Sync="TRUE">0</attscale><attrdef>Female population, age 25 through 29</attrdef></attr><attr xmlns=""><attrlabl Sync="TRUE">F_30_34</attrlabl><attalias Sync="TRUE">F_30_34</attalias><attrtype Sync="TRUE">Integer</attrtype><attwidth Sync="TRUE">9</attwidth><atprecis Sync="TRUE">9</atprecis><attscale Sync="TRUE">0</attscale><attrdef>Female population, age 30 through 34</attrdef></attr><attr xmlns=""><attrlabl Sync="TRUE">F_35_39</attrlabl><attalias Sync="TRUE">F_35_39</attalias><attrtype Sync="TRUE">Integer</attrtype><attwidth Sync="TRUE">9</attwidth><atprecis Sync="TRUE">9</atprecis><attscale Sync="TRUE">0</attscale><attrdef>Female population, age 35 through 39</attrdef></attr><attr xmlns=""><attrlabl Sync="TRUE">F_40_44</attrlabl><attalias Sync="TRUE">F_40_44</attalias><attrtype Sync="TRUE">Integer</attrtype><attwidth Sync="TRUE">9</attwidth><atprecis Sync="TRUE">9</atprecis><attscale Sync="TRUE">0</attscale><attrdef>Female population, age 40 through 44</attrdef></attr><attr xmlns=""><attrlabl Sync="TRUE">F_45_49</attrlabl><attalias Sync="TRUE">F_45_49</attalias><attrtype Sync="TRUE">Integer</attrtype><attwidth Sync="TRUE">9</attwidth><atprecis Sync="TRUE">9</atprecis><attscale Sync="TRUE">0</attscale><attrdef>Female population, age 45 through 49</attrdef></attr><attr xmlns=""><attrlabl Sync="TRUE">F_50_54</attrlabl><attalias Sync="TRUE">F_50_54</attalias><attrtype Sync="TRUE">Integer</attrtype><attwidth Sync="TRUE">9</attwidth><atprecis Sync="TRUE">9</atprecis><attscale Sync="TRUE">0</attscale><attrdef>Female population, age 50 through 54</attrdef></attr><attr xmlns=""><attrlabl Sync="TRUE">F_55_59</attrlabl><attalias Sync="TRUE">F_55_59</attalias><attrtype Sync="TRUE">Integer</attrtype><attwidth Sync="TRUE">9</attwidth><atprecis Sync="TRUE">9</atprecis><attscale Sync="TRUE">0</attscale><attrdef>Female population, age 55 through 59</attrdef></attr><attr xmlns=""><attrlabl Sync="TRUE">F_60_61</attrlabl><attalias Sync="TRUE">F_60_61</attalias><attrtype Sync="TRUE">Integer</attrtype><attwidth Sync="TRUE">9</attwidth><atprecis Sync="TRUE">9</atprecis><attscale Sync="TRUE">0</attscale><attrdef>Female population, age 60 and 61</attrdef></attr><attr xmlns=""><attrlabl Sync="TRUE">F_62_64</attrlabl><attalias Sync="TRUE">F_62_64</attalias><attrtype Sync="TRUE">Integer</attrtype><attwidth Sync="TRUE">9</attwidth><atprecis Sync="TRUE">9</atprecis><attscale Sync="TRUE">0</attscale><attrdef>Female population, age 62 through 64</attrdef></attr><attr xmlns=""><attrlabl Sync="TRUE">F_65_66</attrlabl><attalias Sync="TRUE">F_65_66</attalias><attrtype Sync="TRUE">Integer</attrtype><attwidth Sync="TRUE">9</attwidth><atprecis Sync="TRUE">9</atprecis><attscale Sync="TRUE">0</attscale><attrdef>Female population, age 65 and 66</attrdef></attr><attr xmlns=""><attrlabl Sync="TRUE">F_67_69</attrlabl><attalias Sync="TRUE">F_67_69</attalias><attrtype Sync="TRUE">Integer</attrtype><attwidth Sync="TRUE">9</attwidth><atprecis Sync="TRUE">9</atprecis><attscale Sync="TRUE">0</attscale><attrdef>Female population, age 67 through 69</attrdef></attr><attr xmlns=""><attrlabl Sync="TRUE">F_70_74</attrlabl><attalias Sync="TRUE">F_70_74</attalias><attrtype Sync="TRUE">Integer</attrtype><attwidth Sync="TRUE">9</attwidth><atprecis Sync="TRUE">9</atprecis><attscale Sync="TRUE">0</attscale><attrdef>Female population, age 70 through 74</attrdef></attr><attr xmlns=""><attrlabl Sync="TRUE">F_75_79</attrlabl><attalias Sync="TRUE">F_75_79</attalias><attrtype Sync="TRUE">Integer</attrtype><attwidth Sync="TRUE">9</attwidth><atprecis Sync="TRUE">9</atprecis><attscale Sync="TRUE">0</attscale><attrdef>Female population, age 75 through 79</attrdef></attr><attr xmlns=""><attrlabl Sync="TRUE">F_80_84</attrlabl><attalias Sync="TRUE">F_80_84</attalias><attrtype Sync="TRUE">Integer</attrtype><attwidth Sync="TRUE">9</attwidth><atprecis Sync="TRUE">9</atprecis><attscale Sync="TRUE">0</attscale><attrdef>Female population, age 80 through 84</attrdef></attr><attr xmlns=""><attrlabl Sync="TRUE">F_85UP</attrlabl><attalias Sync="TRUE">F_85UP</attalias><attrtype Sync="TRUE">Integer</attrtype><attwidth Sync="TRUE">9</attwidth><atprecis Sync="TRUE">9</atprecis><attscale Sync="TRUE">0</attscale><attrdef>Female population, age 85 and up</attrdef></attr><attr xmlns=""><attrlabl Sync="TRUE">MEDIANAGE</attrlabl><attalias Sync="TRUE">MEDIANAGE</attalias><attrtype Sync="TRUE">Single</attrtype><attwidth Sync="TRUE">13</attwidth><atprecis Sync="TRUE">0</atprecis><attscale Sync="TRUE">0</attscale><attrdef>Median age</attrdef></attr><attr xmlns=""><attrlabl Sync="TRUE">MEDIANM</attrlabl><attalias Sync="TRUE">MEDIANM</attalias><attrtype Sync="TRUE">Single</attrtype><attwidth Sync="TRUE">13</attwidth><atprecis Sync="TRUE">0</atprecis><attscale Sync="TRUE">0</attscale><attrdef>Median age, males</attrdef></attr><attr xmlns=""><attrlabl Sync="TRUE">MEDIANF</attrlabl><attalias Sync="TRUE">MEDIANF</attalias><attrtype Sync="TRUE">Single</attrtype><attwidth Sync="TRUE">13</attwidth><atprecis Sync="TRUE">0</atprecis><attscale Sync="TRUE">0</attscale><attrdef>Median age, females</attrdef></attr><attr xmlns=""><attrlabl Sync="TRUE">HHLDS</attrlabl><attalias Sync="TRUE">HHLDS</attalias><attrtype Sync="TRUE">Integer</attrtype><attwidth Sync="TRUE">9</attwidth><atprecis Sync="TRUE">9</atprecis><attscale Sync="TRUE">0</attscale><attrdef>Number of households</attrdef></attr><attr xmlns=""><attrlabl Sync="TRUE">FAMILIES</attrlabl><attalias Sync="TRUE">FAMILIES</attalias><attrtype Sync="TRUE">Integer</attrtype><attwidth Sync="TRUE">9</attwidth><atprecis Sync="TRUE">9</atprecis><attscale Sync="TRUE">0</attscale><attrdef>Number of family households</attrdef></attr><attr xmlns=""><attrlabl Sync="TRUE">HUSBWIFE</attrlabl><attalias Sync="TRUE">HUSBWIFE</attalias><attrtype Sync="TRUE">Integer</attrtype><attwidth Sync="TRUE">9</attwidth><atprecis Sync="TRUE">9</atprecis><attscale Sync="TRUE">0</attscale><attrdef>Number of families with husband and wife</attrdef></attr><attr xmlns=""><attrlabl Sync="TRUE">MALENOWIFE</attrlabl><attalias Sync="TRUE">MALENOWIFE</attalias><attrtype Sync="TRUE">Integer</attrtype><attwidth Sync="TRUE">9</attwidth><atprecis Sync="TRUE">9</atprecis><attscale Sync="TRUE">0</attscale><attrdef>Number of families with male householder and no wife</attrdef></attr><attr xmlns=""><attrlabl Sync="TRUE">FEMNOHUSB</attrlabl><attalias Sync="TRUE">FEMNOHUSB</attalias><attrtype Sync="TRUE">Integer</attrtype><attwidth Sync="TRUE">9</attwidth><atprecis Sync="TRUE">9</atprecis><attscale Sync="TRUE">0</attscale><attrdef>Number of families with female householder and no husband</attrdef></attr><attr xmlns=""><attrlabl Sync="TRUE">NONFAMS</attrlabl><attalias Sync="TRUE">NONFAMS</attalias><attrtype Sync="TRUE">Integer</attrtype><attwidth Sync="TRUE">9</attwidth><atprecis Sync="TRUE">9</atprecis><attscale Sync="TRUE">0</attscale><attrdef>Number of non-familiy households</attrdef></attr><attr xmlns=""><attrlabl Sync="TRUE">ALONE</attrlabl><attalias Sync="TRUE">ALONE</attalias><attrtype Sync="TRUE">Integer</attrtype><attwidth Sync="TRUE">9</attwidth><atprecis Sync="TRUE">9</atprecis><attscale Sync="TRUE">0</attscale><attrdef>Number of individuals living alone</attrdef></attr><attr xmlns=""><attrlabl Sync="TRUE">MALEALONE</attrlabl><attalias Sync="TRUE">MALEALONE</attalias><attrtype Sync="TRUE">Integer</attrtype><attwidth Sync="TRUE">9</attwidth><atprecis Sync="TRUE">9</atprecis><attscale Sync="TRUE">0</attscale><attrdef>Number of males living alone</attrdef></attr><attr xmlns=""><attrlabl Sync="TRUE">FEMALONE</attrlabl><attalias Sync="TRUE">FEMALONE</attalias><attrtype Sync="TRUE">Integer</attrtype><attwidth Sync="TRUE">9</attwidth><atprecis Sync="TRUE">9</atprecis><attscale Sync="TRUE">0</attscale><attrdef>Number of females living alone</attrdef></attr><attr xmlns=""><attrlabl Sync="TRUE">NOTALONE</attrlabl><attalias Sync="TRUE">NOTALONE</attalias><attrtype Sync="TRUE">Integer</attrtype><attwidth Sync="TRUE">9</attwidth><atprecis Sync="TRUE">9</atprecis><attscale Sync="TRUE">0</attscale><attrdef>Number of non-family households, members not living alone</attrdef></attr><attr xmlns=""><attrlabl Sync="TRUE">HUNITS100</attrlabl><attalias Sync="TRUE">HUNITS100</attalias><attrtype Sync="TRUE">Integer</attrtype><attwidth Sync="TRUE">9</attwidth><atprecis Sync="TRUE">9</atprecis><attscale Sync="TRUE">0</attscale><attrdef>Housing Unit Count (100%)</attrdef></attr><attr xmlns=""><attrlabl Sync="TRUE">OCCUPIED</attrlabl><attalias Sync="TRUE">OCCUPIED</attalias><attrtype Sync="TRUE">Integer</attrtype><attwidth Sync="TRUE">9</attwidth><atprecis Sync="TRUE">9</atprecis><attscale Sync="TRUE">0</attscale><attrdef>Number of occupied housing units</attrdef></attr><attr xmlns=""><attrlabl Sync="TRUE">OWN_MORT</attrlabl><attalias Sync="TRUE">OWN_MORT</attalias><attrtype Sync="TRUE">Integer</attrtype><attwidth Sync="TRUE">9</attwidth><atprecis Sync="TRUE">9</atprecis><attscale Sync="TRUE">0</attscale><attrdef>Number of occupied housing units, owner-occupied with mortgage</attrdef></attr><attr xmlns=""><attrlabl Sync="TRUE">OWN_CLEAR</attrlabl><attalias Sync="TRUE">OWN_CLEAR</attalias><attrtype Sync="TRUE">Integer</attrtype><attwidth Sync="TRUE">9</attwidth><atprecis Sync="TRUE">9</atprecis><attscale Sync="TRUE">0</attscale><attrdef>Number of occupied housing units, owner-occupied, owned free and clear</attrdef></attr><attr xmlns=""><attrlabl Sync="TRUE">RENTAL</attrlabl><attalias Sync="TRUE">RENTAL</attalias><attrtype Sync="TRUE">Integer</attrtype><attwidth Sync="TRUE">9</attwidth><atprecis Sync="TRUE">9</atprecis><attscale Sync="TRUE">0</attscale><attrdef>Number of renter-occupied units</attrdef></attr><attr xmlns=""><attrlabl Sync="TRUE">VACANT</attrlabl><attalias Sync="TRUE">VACANT</attalias><attrtype Sync="TRUE">Integer</attrtype><attwidth Sync="TRUE">9</attwidth><atprecis Sync="TRUE">9</atprecis><attscale Sync="TRUE">0</attscale><attrdef>Number of vacant housing units</attrdef></attr></detailed></eainfo><distinfo><distrib><cntinfo><cntorgp><cntorg>U.S. Department of Commerce, U.S. Census Bureau, Geography Division, Geographic Products Branch</cntorg></cntorgp><cntaddr><addrtype>Mailing address</addrtype><address>4600 Silver Hill Road, Stop 7400</address><city>Washington</city><state>DC</state><postal>20233-7400</postal><country>United States</country></cntaddr><cntvoice>301-763-1128</cntvoice><cntfax>301-763-4710</cntfax><cntemail>geo.tiger@census.gov</cntemail></cntinfo></distrib><distliab>No warranty, expressed or implied is made with regard to the accuracy of these data, and no liability is assumed by the U.S. Government in general or the U.S. Census Bureau in specific as to the spatial or attribute accuracy of the data.  The act of distribution shall not constitute any such warranty and no responsibility is assumed by the U.S. government in the use of these files.  The boundary information in the TIGER/Line Shapefiles is for statistical data collection and tabulation purposes only; their depiction and designation for statistical purposes do not constitute a determination of jurisdictional authority or rights of ownership or entitlement and they are not legal land descriptions.</distliab><stdorder><digform><digtinfo><formname>TGRSHP (compressed)</formname><filedec>PK-ZIP, version 1.93 A or higher</filedec></digtinfo><digtopt><onlinopt><computer><networka><networkr>http://www.census.gov/geo/www/tiger</networkr></networka></computer></onlinopt><offoptn><offmedia>DVD-ROM (Only if offered offline)</offmedia><recfmt>ISO 9660</recfmt></offoptn></digtopt></digform><fees>The online copy of the TIGER/Line files may be accessed without charge.</fees><ordering>To obtain more information about ordering TIGER/Line shapefiles visit http://www.census.gov/geo/www/tiger </ordering></stdorder><techpreq>The TIGER/Line shapefiles contain geographic data only and do not include display mapping software or statistical data.  For information on how to use the TIGER/Line shapefile data with specific software package users shall contact the company that produced the software.</techpreq></distinfo><metainfo><metd>20100507</metd><metc><cntinfo><cntorgp><cntorg>U.S. Department of Commerce, U.S. Census Bureau, Geography Division, Geographic Products Branch</cntorg></cntorgp><cntaddr><addrtype>Mailing address</addrtype><address>4600 Silver Hill Road, Stop 7400</address><city>Washington</city><state>DC</state><postal>20233-7400</postal><country>United States</country></cntaddr><cntvoice>301-763-1128</cntvoice><cntfax>301-763-4710</cntfax><cntemail>geo.tiger@census.gov</cntemail></cntinfo></metc><metstdn>FGDC Content Standards for Digital Geospatial Metadata</metstdn><metstdv>FGDC-STD-001-1998</metstdv><Metadata_Character_Set>8859part1</Metadata_Character_Set><Metadata_File_Identifier>tl_2010_33_tabblock10.shp.xml</Metadata_File_Identifier><Metadata_Language>eng</Metadata_Language></metainfo><dataIdInfo><idPurp>In order for others to use the information in the Census MAF/TIGER database in a geographic information system (GIS) or for other geographic applications, the Census Bureau releases to the public extracts of the database in the form of TIGER/Line Shapefiles.</idPurp><idAbs>&lt;DIV STYLE="text-align:Left;"&gt;&lt;DIV&gt;&lt;DIV&gt;&lt;P&gt;&lt;SPAN&gt;The TIGER/Line Files are shapefiles and related database files (.dbf) that are an extract of selected geographic and cartographic information from the U.S. Census Bureau's Master Address File / Topologically Integrated Geographic Encoding and Referencing (MAF/TIGER) Database (MTDB). The MTDB represents a seamless national file with no overlaps or gaps between parts, however, each TIGER/Line File is designed to stand alone as an independent data set, or they can be combined to cover the entire nation. Census Blocks are statistical areas bounded on all sides by visible features, such as streets, roads, streams, and railroad tracks, and/or by nonvisible boundaries such as city, town, township, and county limits, and short line-of-sight extensions of streets and roads. Census blocks are relatively small in area; for example, a block in a city bounded by streets. However, census blocks in remote areas are often large and irregular and may even be many square miles in area. A common misunderstanding is that data users think census blocks are used geographically to build all other census geographic areas, rather all other census geographic areas are updated and then used as the primary constraints, along with roads and water features, to delineate the tabulation blocks. As a result, all 2010 Census blocks nest within every other 2010 Census geographic area, so that Census Bureau statistical data can be tabulated at the block level and aggregated up to the appropriate geographic areas. Census blocks cover all territory in the United States, Puerto Rico, and the Island Areas (American Samoa, Guam, the Commonwealth of the Northern Mariana Islands, and the U.S. Virgin Islands). Blocks are the smallest geographic areas for which the Census Bureau publishes data from the decennial census. A block may consist of one or more faces.&lt;/SPAN&gt;&lt;/P&gt;&lt;/DIV&gt;&lt;/DIV&gt;&lt;/DIV&gt;</idAbs><idCitation><resTitle>TIGER/Line Shapefile, 2010, 2010 state, New Hampshire, 2010 Census  Block State-based</resTitle><presForm><PresFormCd value="005"/></presForm></idCitation><searchKeys><keyword>boundaries</keyword><keyword>State or equivalent entity</keyword><keyword>Polygon</keyword><keyword>Block</keyword><keyword>Census Block</keyword></searchKeys><resConst><Consts><useLimit>The TIGER/Line Shapefile products are not copyrighted however TIGER/Line and Census TIGER are registered trademarks of the U.S. Census Bureau.  These products are free to use in a product or publication, however acknowledgement must be given to the U.S. Census Bureau as the source.
The boundary information in the TIGER/Line Shapefiles are for statistical data collection and tabulation purposes only; their depiction and designation for statistical purposes does not constitute a determination of jurisdictional authority or rights of ownership or entitlement and they are not legal land descriptions.Coordinates in the TIGER/Line shapefiles have six implied decimal places, but the positional accuracy of these coordinates is not as great as the six decimal places suggest.</useLimit></Consts></resConst><envirDesc Sync="TRUE">Microsoft Windows XP Version 5.1 (Build 2600) Service Pack 3; ESRI ArcGIS 10.0.2.3200</envirDesc><dataLang><languageCode value="en" country="US"/></dataLang><descKeys><thesaName uuidref="723f6998-058e-11dc-8314-0800200c9a66"/><keyword Sync="TRUE">002</keyword></descKeys><spatRpType><SpatRepTypCd value="001"/></spatRpType><dataExt><geoEle><GeoBndBox esriExtentType="search"><westBL Sync="TRUE">-72.557185</westBL><eastBL Sync="TRUE">-70.575094</eastBL><northBL Sync="TRUE">45.305476</northBL><southBL Sync="TRUE">42.696985</southBL><exTypeCode Sync="TRUE">1</exTypeCode></GeoBndBox></geoEle></dataExt></dataIdInfo><mdChar><CharSetCd value="005"/></mdChar><Esri><ArcGISProfile>FGDC</ArcGISProfile><ArcGISFormat>1.0</ArcGISFormat><DataProperties><itemProps><itemName Sync="TRUE">tl_2010_33_tabblock10</itemName><imsContentType Sync="TRUE">002</imsContentType><nativeExtBox><westBL Sync="TRUE">-72.557185</westBL><eastBL Sync="TRUE">-70.575094</eastBL><southBL Sync="TRUE">42.696985</southBL><northBL Sync="TRUE">45.305476</northBL><exTypeCode Sync="TRUE">1</exTypeCode></nativeExtBox><itemSize Sync="TRUE">44.218</itemSize><itemLocation><linkage Sync="TRUE">file://\\Regoepfp\OEP\GIS\census\2010 TIGER Shapefiles\33\tl_2010_33_tabblock10_oepweb\tl_2010_33_tabblock10.shp</linkage><protocol Sync="TRUE">Local Area Network</protocol></itemLocation></itemProps><coordRef><type Sync="TRUE">Geographic</type><geogcsn Sync="TRUE">GCS_North_American_1983</geogcsn><peXml Sync="TRUE">&lt;GeographicCoordinateSystem xsi:type='typens:GeographicCoordinateSystem' xmlns:xsi='http://www.w3.org/2001/XMLSchema-instance' xmlns:xs='http://www.w3.org/2001/XMLSchema' xmlns:typens='http://www.esri.com/schemas/ArcGIS/10.0'&gt;&lt;WKT&gt;GEOGCS[&amp;quot;GCS_North_American_1983&amp;quot;,DATUM[&amp;quot;D_North_American_1983&amp;quot;,SPHEROID[&amp;quot;GRS_1980&amp;quot;,6378137.0,298.257222101]],PRIMEM[&amp;quot;Greenwich&amp;quot;,0.0],UNIT[&amp;quot;Degree&amp;quot;,0.0174532925199433],AUTHORITY[&amp;quot;EPSG&amp;quot;,4269]]&lt;/WKT&gt;&lt;XOrigin&gt;-400&lt;/XOrigin&gt;&lt;YOrigin&gt;-400&lt;/YOrigin&gt;&lt;XYScale&gt;11258999068426.238&lt;/XYScale&gt;&lt;ZOrigin&gt;-100000&lt;/ZOrigin&gt;&lt;ZScale&gt;10000&lt;/ZScale&gt;&lt;MOrigin&gt;-100000&lt;/MOrigin&gt;&lt;MScale&gt;10000&lt;/MScale&gt;&lt;XYTolerance&gt;8.9831528411952133e-009&lt;/XYTolerance&gt;&lt;ZTolerance&gt;0.001&lt;/ZTolerance&gt;&lt;MTolerance&gt;0.001&lt;/MTolerance&gt;&lt;HighPrecision&gt;true&lt;/HighPrecision&gt;&lt;LeftLongitude&gt;-180&lt;/LeftLongitude&gt;&lt;WKID&gt;4269&lt;/WKID&gt;&lt;/GeographicCoordinateSystem&gt;</peXml></coordRef><lineage><Process ToolSource="C:\Program Files\ArcGIS\Desktop10.0\ArcToolbox\Toolboxes\Data Management Tools.tbx\CalculateField" Date="20120507" Time="110112">CalculateField tl_2010_33_tabblock10 NHSEN2004 [NHSEN2012] VB #</Process><Process ToolSource="C:\Program Files\ArcGIS\Desktop10.0\ArcToolbox\Toolboxes\Data Management Tools.tbx\CalculateField" Date="20120507" Time="111119">CalculateField tl_2010_33_tabblock10 NHSEN2004 [NHSEN2012] VB #</Process><Process ToolSource="C:\Program Files\ArcGIS\Desktop10.0\ArcToolbox\Toolboxes\Data Management Tools.tbx\CalculateField" Date="20120507" Time="132102">CalculateField tl_2010_33_tabblock10 NHHSE2004 [NHHSE2012] VB #</Process><Process ToolSource="c:\program files\arcgis\desktop10.0\ArcToolbox\Toolboxes\Data Management Tools.tbx\CalculateField" Date="20120611" Time="105829">CalculateField tl_2010_33_tabblock10 CD113 "02" VB #</Process><Process ToolSource="c:\program files\arcgis\desktop10.1\ArcToolbox\Toolboxes\Data Management Tools.tbx\CalculateField" Date="20120807" Time="113558">CalculateField tl_2010_33_tabblock10 CD_TEST 0 VB #</Process><Process ToolSource="c:\program files\arcgis\desktop10.1\ArcToolbox\Toolboxes\Data Management Tools.tbx\CalculateField" Date="20120807" Time="113708">CalculateField tl_2010_33_tabblock10 CD_TEST 0 VB #</Process></lineage></DataProperties><SyncDate>20110811</SyncDate><SyncTime>14064600</SyncTime><ModDate>20110811</ModDate><ModTime>14264900</ModTime></Esri><mdLang><languageCode value="en"/></mdLang><distInfo><distFormat><formatName Sync="TRUE">Shapefile</formatName></distFormat><distTranOps><transSize Sync="TRUE">44.218</transSize></distTranOps></distInfo><mdHrLv><ScopeCd value="005"/></mdHrLv><mdHrLvName Sync="TRUE">dataset</mdHrLvName><refSysInfo><RefSystem><refSysID><identCode code="4269"/><idCodeSpace Sync="TRUE">EPSG</idCodeSpace><idVersion Sync="TRUE">7.4.1</idVersion></refSysID></RefSystem></refSysInfo><spatRepInfo><VectSpatRep><topLvl><TopoLevCd value="001"/></topLvl><geometObjs><geoObjTyp><GeoObjTypCd value="002"/><geoObjCnt Sync="TRUE">48837</geoObjCnt></geoObjTyp></geometObjs></VectSpatRep></spatRepInfo><mdDateSt Sync="TRUE">20110811</mdDateSt></metadata>
